GEM unit/phase ID,GEM location ID,Country/Area,Wiki URL,Plant name,Unit name,Plant name (other),Plant name (local),Owner,Parent,Capacity (MW),Status,Start year,Retired year,Planned retirement,Combustion technology,Coal type,Coal source,Alternate Fuel,Location,"Local area (taluk, county)","Major area (prefecture, district)","Subnational unit (province, state)",Subregion,Region,Latitude,Longitude,Location accuracy,Permits,Permit Date,Permit Parsed,Captive,Captive industry use,Captive residential use,Plant age (years),Capacity factor,Heat rate (Btu per kWh),Emission factor (kg of CO2 per TJ),Annual CO2 (million tonnes / annum),Remaining plant lifetime (years),Lifetime CO2 (million tonnes)
G100000115274,L100000104890,China,https://www.gem.wiki/Asia_Symbol_captive_power_station,Asia Symbol captive power station,Unit 1,,"山东亚太森博浆纸有限公司热电, 山东亚太森博浆纸有限公司热电项目",Asia Symbol (Shangdong) Pulp and Paper Co Ltd [100%],Singapore Asia Pacific Symbo Rizhao Co Ltd (ASIA SYMBOL RIZHAO PTE.LTD) [90.0%]; AP Trading Enterprise [9.3%]; other [0.7%],35,retired,2001,2023,,unknown,unknown,,,,Chengjiazhuang,Rizhao,Shandong,Eastern Asia,Asia,35.374797,119.50857,exact,,,,pulp & paper,both,,22,0.53,12047,96100,0.198492942,0,0
G100000100438,L100000101306,China,https://www.gem.wiki/Baiyanghe_power_station,Baiyanghe power station,Unit 1,,华能白杨河电厂,Huaneng Shandong Power Generation Co Ltd Baiyanghe Power Plant [100%],Huaneng Power International Inc [80.0%]; China Huaneng Group Co Ltd [20.0%],50,retired,1969,2007,,subcritical,anthracite,,,1 Quanshui Road,Boshan District,Zibo,Shandong,Eastern Asia,Asia,36.471944,117.8425,exact,,,,,,,38,0.53,12617.9,98300,0.303798293,0,0
G100000100676,L100000101434,China,https://www.gem.wiki/Bayi_Zaozhuang_power_station,Bayi Zaozhuang power station,Unit 3,,枣矿集团八一热电水煤浆煤矸石发电项目,Zaozhuang Bayi Coal Water Slurry Thermal Power Co Ltd [100%],Zaozhuang Bayi Coal Water Slurry Thermal Power Co Ltd [100.0%],350,operating,2018,,,subcritical,waste coal,,,Tianshan Road,Xuecheng District,Zaozhuang,Shandong,Eastern Asia,Asia,34.828388,117.27105,exact,6-Jan-15,6-Jan-15,"Year: 2015, Month: 1, Day: 6",,,,6,0.53,9572.2,94600,1.552550271,34,52.78670922
G100000110802,L100000101412,China,https://www.gem.wiki/Beihai_New_Area_Heating_power_station,Beihai New Area Heating power station,Phase II Unit 5,"滨州北海公共供热中心 (Phase I Unit 1-4), 魏桥铝电北海二电 (Phase II Unit 5-8)",魏桥集团北海新区供热中心,Binzhou Lvfeng Thermal Power Co Ltd [100%],Hongqiao Investment (Hong Kong) [94.5%]; other [5.5%],330,operating,2015,,,subcritical,unknown,,,Beihai New Area,Wudi,Binzhou,Shandong,Eastern Asia,Asia,38.022916,117.972606,exact,,,,aluminum,both,,9,0.53,9572.2,96100,1.487043997,31,46.09836391
G100000100893,L100000101307,China,https://www.gem.wiki/Binzhou_Boxing_power_station,Binzhou Boxing power station,Phase I Unit 1,,国家能源集团博兴发电厂,National Energy Boxing Power Generation Co Ltd [100%],GD POWER Development Co Ltd [61.0%]; China Energy Investment Corp [17.0%]; Power Construction Corporation of China Ltd [8.0%]; Boxing County Investment and Financing Service Center [5.0%]; State Power Investment Corp Ltd [4.2%]; Shanghai Luyuan Investment Co Ltd [2.8%]; Shanghai Dingjing Investment Co Ltd [1.7%]; other [0.4%],1000,construction,2024,,,ultra-supercritical,unknown,,,Chunhua Town,Boxing,Binzhou,Shandong,Eastern Asia,Asia,37.27629,118.330855,exact,21-Dec-15,21-Dec-15,"Year: 2015, Month: 12, Day: 21",,,,0,0.53,8272,96100,3.894113808,40,155.7645523
G100000100895,L100000101308,China,https://www.gem.wiki/Binzhou_Heating_Supply_Center_power_station,Binzhou Heating Supply Center power station,Unit 1,"滨州市滨北新材料有限公司 (Unit 5, Unit 6, Unit 7, Unit 8)",魏桥集团滨州市供热中心,Binzhou Gongjian Investment Development Co Ltd [100%],Shandong Weiqiao Investment Holding Co Ltd [31.2%]; Shandong Weiqiao Pioneering Group Co Ltd [30.0%]; Binzhou Hanchuang Technology Development Partnership LP [20.0%]; other [18.8%],60,retired,2010,2020,,subcritical,unknown,,,,High Tech Development District,Binzhou,Shandong,Eastern Asia,Asia,37.348167,117.890928,exact,,,,aluminum,,,10,0.53,11312.6,96100,0.319530115,0,0
G100000100915,L100000101309,China,https://www.gem.wiki/Binzhou_Works_power_station,Binzhou Works power station,Unit 7,,魏桥创业集团滨州自备电厂,Weiqiao Textile Co Ltd Binzhou Thermal Power Plant [100%],other [48.5%]; Shandong Weiqiao Investment Holding Co Ltd [19.8%]; Shandong Weiqiao Pioneering Group Co Ltd [19.0%]; Binzhou Hanchuang Technology Development Partnership LP [12.7%],45,retired,,2012,,subcritical,anthracite,,,,Zouping,Binzhou,Shandong,Eastern Asia,Asia,37.381,117.97,approximate,,,,aluminum,,,20,0.53,12182.8,98300,0.263990241,0,0
G100000112887,L100000101311,China,https://www.gem.wiki/CHALCO_Shandong_Branch_Power_Station,CHALCO Shandong Branch Power Station,Unit 5,,中铝山东分公司热电厂,CHALCO Shandong Co Ltd [100%],Aluminum Corporation of China Ltd [100.0%],46,retired,2007,2021,,unknown,unknown,,,Fengshui Town,Zhangdian District,Zibo,Shandong,Eastern Asia,Asia,36.748437,118.069386,exact,,,,aluminum,both,heat,14,0.53,11186.5,96100,0.242242407,0,0
G100000114940,L100000104500,China,https://www.gem.wiki/Changle_Shengshi_power_station,Changle Shengshi power station,Unit 5,,昌乐盛世热电,Changle Shengshi Power Plant Co Ltd [100%],China Yuanbo Paper [79.9%]; SHENGTAI HOLDING [20.0%],30,operating,2009,,,unknown,unknown,,,224 Provincial Road,Changle,Weifang,Shandong,Eastern Asia,Asia,36.739314,118.851756,exact,,,,,,,15,0.53,11186.5,96100,0.157984178,25,3.949604459
G100000114444,L100000104653,China,https://www.gem.wiki/Chenming_Mill_Shouguang_Meilun_Paper_Mill_captive_power_station,Chenming Mill Shouguang Meilun Paper Mill captive power station,Unit 3,,晨鸣纸业寿光美伦纸业自备电厂,,,155,operating,,,,unknown,unknown,,,,Shouguang,Weifang,Shandong,Eastern Asia,Asia,36.859677,118.699591,exact,,,,pulp & paper,both,,20,0.53,12047,96100,0.879040172,20,17.58080344
G100000102019,L100000101315,China,https://www.gem.wiki/Datang_Binzhou_power_station,Datang Binzhou power station,Unit 1,,大唐滨州发电厂,Datang Binzhou Power Generation Co Ltd [100%],China Datang Corp [100.0%],350,operating,2015,,,supercritical,bituminous,山西中劣质烟煤,,Guanzhuang Village,Bincheng District,Binzhou,Shandong,Eastern Asia,Asia,37.4666332,118.0468682,exact,13-Dec,13-Dec,"Year: 2013, Month: 12",,,,9,0.53,9249.9,94600,1.50027525,31,46.50853276
G100000102033,L100000101316,China,https://www.gem.wiki/Datang_Dongying_power_station,Datang Dongying power station,Phase I Unit 1,,大唐东营发电厂,Datang Dongying Power Generation Co Ltd [100%],China Datang Corp [100.0%],1000,operating,2020,,,ultra-supercritical,unknown,,,Dongying Port,Hekou District,Dongying,Shandong,Eastern Asia,Asia,38.113151,118.910229,exact,11-Aug-15,11-Aug-15,"Year: 2015, Month: 8, Day: 11",,,,4,0.53,8272,96100,3.894113808,36,140.1880971
G100000102107,L100000101318,China,https://www.gem.wiki/Datang_Linqing_power_station,Datang Linqing power station,Unit 1,,大唐临清热电,Datang Linqing Thermal Power Co Ltd [100%],China Datang Corp [100.0%],350,operating,2016,,,supercritical,unknown,红柳林矿、柠条塔矿和张家峁矿,,Huguosi Village,Linqing,Liaocheng,Shandong,Eastern Asia,Asia,36.873816,115.770545,exact,30-Dec-14,30-Dec-14,"Year: 2014, Month: 12, Day: 30",,,,8,0.53,9249.9,96100,1.52406397,32,48.77004704
G100000102228,L100000101319,China,https://www.gem.wiki/Datang_Yuncheng_power_station,Datang Yuncheng power station,Unit 1,,大唐郓城630℃超超临界二次再热国家电力示范项目,Datang Yuncheng Power Generation Co Ltd [100%],China Datang Corp [70.0%]; Shandong Energy Group Co Ltd [21.0%]; Shandong Guohui Investment Co Ltd [6.0%]; Shandong Caixin Asset Operation Co Ltd [3.0%],1000,construction,2025,,,ultra-supercritical,unknown,,,,Yuncheng,Heze,Shandong,Eastern Asia,Asia,35.518385,115.958048,exact,30-Nov-17,30-Nov-17,"Year: 2017, Month: 11, Day: 30",,,,0,0.53,8272,96100,3.894113808,40,155.7645523
G100000115678,L100000104957,China,https://www.gem.wiki/Dezhou_Shihua_Chemical_Industry_cogen_power_station,Dezhou Shihua Chemical Industry cogen power station,Unit 2,,德州实华化工公司热电,Dezhou Shihua Chemical Industry Co Ltd [100%],Sinochem Holdings Corporation Ltd [48.2%]; China Chengtong Holdings Group Ltd [29.6%]; China Guoxin Holding Corp [22.2%],30,operating,,,,unknown,unknown,,,,Decheng District,Dezhou,Shandong,Eastern Asia,Asia,37.514332,116.36697,exact,,,,,,,20,0.53,12047,96100,0.170136807,20,3.40273615
G100000112866,L100000101320,China,https://www.gem.wiki/Dongjiakou_CHP_power_station,Dongjiakou CHP power station,Unit 1,,华能青岛热电董家口热电联产,Huaneng Qingdao Thermal Power Co Ltd [100%],Huaneng Power International Inc [100.0%],350,operating,2022,,,supercritical,unknown,,,Boli Town,Huangdao District,Qingdao,Shandong,Eastern Asia,Asia,35.610763,119.778449,exact,10-Nov-16,10-Nov-16,"Year: 2016, Month: 11, Day: 10",,,,2,0.53,9249.9,96100,1.52406397,38,57.91443086
G100000102427,L100000101321,China,https://www.gem.wiki/Dongming_cogen_power_station,Dongming cogen power station,Unit 1,华润东明热电厂热电联产,东明石化华汪热力公司热电,Shandong Huawang Thermal Power Co Ltd [100%],Shandong Hongliyuan Co Ltd [97.2%]; other [2.8%],350,operating,2024,,,supercritical,unknown,,,Wangxinzhuang,Dongming,Heze,Shandong,Eastern Asia,Asia,35.321247,115.148958,exact,20-Nov-15,20-Nov-15,"Year: 2015, Month: 11, Day: 20",,,,0,0.53,9249.9,96100,1.52406397,40,60.9625588
G100000114405,L100000104638,China,https://www.gem.wiki/Dongming_Petrochemical_Group_captive_power_station,Dongming Petrochemical Group captive power station,Unit 4,,山东东明石化集团自备电厂,Shandong Dongming Petroche Mical Group Co Ltd [100%],Shandong Hongliyuan Co Ltd [97.2%]; other [2.8%],30,operating,,,,unknown,unknown,,,,Dongming,Heze,Shandong,Eastern Asia,Asia,35.302166,115.126801,exact,,,,chemicals,both,,20,0.53,12047,96100,0.170136807,20,3.40273615
G100000102435,L100000101322,China,https://www.gem.wiki/Dongying_Coastal_power_station,Dongying Coastal power station,Unit 1,,金岭东营滨海热电厂,Dongying Binhai Thermal Power Co Ltd [100%],Shandong Jinling Group Co Ltd [100.0%],300,operating,2012,,,subcritical,unknown,,,Dawang Town,Guangrao,Dongying,Shandong,Eastern Asia,Asia,37.4291887,118.8576937,exact,,,,,,,12,0.53,10442.4,96100,1.474754377,28,41.29312257
G100000114373,L100000104628,China,https://www.gem.wiki/Dongying_Gangcheng_Heat_supply_power_station,Dongying Gangcheng Heat supply power station,Unit 1,,东营港城热电,Dongying Gangcheng Thermal Power Co Ltd [100%],Dongying Daming Holding Co Ltd [100.0%],30,operating,,,,unknown,unknown,,,,Dongying Port District,Dongying,Shandong,Eastern Asia,Asia,38.079739,118.898224,exact,,,,,,,20,0.53,12047,96100,0.170136807,20,3.40273615
G100000113212,L100000101323,China,https://www.gem.wiki/Dongying_Haixin_cogen_power_station,Dongying Haixin cogen power station,Unit 1,,东营海欣热电联产,Dongying Haixin Heat Supply Co Ltd [100%],Dongying Haixin Investment Co Ltd [100.0%],50,operating,2019,,,subcritical,unknown,,,Shikou Town,Dongying District,Dongying,Shandong,Eastern Asia,Asia,37.414824,118.385035,exact,,,,,,,5,0.53,10442.4,96100,0.245792396,35,8.602733868
G100000112741,L100000101324,China,https://www.gem.wiki/Dongying_Huatai_Chemical_power_station,Dongying Huatai Chemical power station,Unit 1,"东营协发化工有限公司, 东营华泰热力有限责任公司",华泰化工集团自备电厂,Dongying Huatai Chemical Group Co Ltd [100%],other [63.6%]; HUATAI Group Co Ltd [21.1%]; Huatai Group Co Ltd Trade Union Committee [15.4%],50,retired,2010,2022,,unknown,unknown,,,Bohai Road Cross Jingyi Road,Dongying District,Dongying,Shandong,Eastern Asia,Asia,37.408996,118.875209,exact,,,,chemicals,both,,12,0.53,11186.5,96100,0.263306964,0,0
G100000114376,L100000104629,China,https://www.gem.wiki/Dongying_Xishui_Group_cogen_power_station,Dongying Xishui Group cogen power station,Unit 4,,东营西水集团热电,Dongying Xishui Group Thermal Power Co Ltd [100%],Dongying Xishui Group Thermal Power Co Ltd [100.0%],40,operating,,,,unknown,unknown,,,,Guangrao,Dongying,Shandong,Eastern Asia,Asia,37.045932,118.536763,exact,,,,rubber,both,,20,0.53,12047,96100,0.226849077,20,4.536981533
G100000115380,L100000104911,China,https://www.gem.wiki/Feicheng_Shengli_Chemical_power_station,Feicheng Shengli Chemical power station,Unit 2,,肥城胜利化工有限公司电厂,Feicheng Shengli Salt Co Ltd [100%],Chiping Xinyou Enterprise Management Co Ltd [53.6%]; Shandong XINFA HUAXIN Aluminium Co Ltd [33.3%]; Dongfang Energy (Hong Kong) International Trading [12.3%]; other [0.8%],30,operating,2015,,,unknown,unknown,,,,Feicheng,Tai'an,Shandong,Eastern Asia,Asia,36.005502,116.856928,exact,,,,,,,9,0.53,10326,96100,0.145831549,31,4.520778027
G100000114433,L100000104649,China,https://www.gem.wiki/Gaotang_power_station,Gaotang power station,Unit 6,高唐金城热电,山东高唐热电厂,Shandong Gaotang Thermal Power Co Ltd [100%],Shandong Gaotang Thermal Power Co Ltd [100.0%],48,operating,2010,,,unknown,unknown,,,,Gaotang,Liaocheng,Shandong,Eastern Asia,Asia,36.8895,116.223368,exact,,,,,,,14,0.53,11186.5,96100,0.252774685,26,6.57214182
G100000103295,L100000101327,China,https://www.gem.wiki/Guodian_Feixian_power_station,Guodian Feixian power station,Phase I Unit 1,,国电费县发电厂,National Energy Feixian Power Generation Co Ltd [100%],GD POWER Development Co Ltd [91.2%]; Linyi Investment Development Co Ltd [5.5%]; other [2.7%]; Shandong Caixin Asset Operation Co Ltd [0.6%],650,operating,2007,,,supercritical,bituminous,,,Caoche Town,Fei,Linyi,Shandong,Eastern Asia,Asia,35.3188721,117.905724,exact,23-May-05,23-May-05,"Year: 2005, Month: 5, Day: 23",,,,17,0.53,9249.9,94600,2.786225465,23,64.0831857
G100000112653,L100000101328,China,https://www.gem.wiki/Guodian_Liaocheng_power_station,Guodian Liaocheng power station,Unit 1,,国电聊城发电厂,National Energy Liaocheng Power Generation Co Ltd [100%],GD POWER Development Co Ltd [52.0%]; Jizhong Energy Group Co Ltd [18.9%]; Beijing Longshun Equipment Leasing Co Ltd [13.0%]; Liaocheng Caixin Investment Co Ltd [7.7%]; Beijing Fenghua Freight Forwarding Service Co Ltd [5.0%]; China Huarong Asset Management Co Ltd [1.1%]; Shandong Caijin Investment Co Ltd [0.8%]; other [0.6%]; Liaocheng Finance Construction & Development Corpporation Ltd [0.6%]; Shandong Caixin Asset Operation Co Ltd [0.2%]; Jinan Caijin Guangyin Investment Management Partnership LP [0.1%],650,operating,2008,,,supercritical,unknown,,,Daokoupu Town Xin Village,Dongchangfu District,Liaocheng,Shandong,Eastern Asia,Asia,36.465858,115.909446,exact,30-Dec-14,30-Dec-14,"Year: 2014, Month: 12, Day: 30",,,,16,0.53,9249.9,96100,2.830404516,24,67.92970838
G100000103371,L100000101329,China,https://www.gem.wiki/Guodian_Penglai_power_station,Guodian Penglai power station,Phase I Unit 1,,国能蓬莱发电厂,China Grid Penglai Power Generation Co Ltd [100%],GD POWER Development Co Ltd [85.0%]; Power Construction Corporation of China Ltd [10.0%]; Yantai Xinxiang Investment Co Ltd [5.0%],300,operating,2006,,,subcritical,bituminous,,,Beigou,Penglai,Yantai,Shandong,Eastern Asia,Asia,37.754722,120.594444,exact,,,,,,,18,0.53,10442.4,94600,1.451735318,22,31.938177
G100000103390,L100000101331,China,https://www.gem.wiki/Guodian_Tai'an_power_station,Guodian Tai'an power station,Unit 1,,国电泰安热电,Tai'an Electricity General Co [100%],GD POWER Development Co Ltd [51.0%]; Shandong Energy Group Co Ltd [29.4%]; Shandong Guohui Investment Co Ltd [8.4%]; Tai'an High Tech Construction Group Co Ltd [7.0%]; Shandong Caixin Asset Operation Co Ltd [4.2%],350,operating,2015,,,supercritical,unknown,,,Beijipo Town,Taishan District,Tai'an,Shandong,Eastern Asia,Asia,36.0764012,117.1369064,exact,18-Mar-13,18-Mar-13,"Year: 2013, Month: 3, Day: 18",,,,9,0.53,9249.9,96100,1.52406397,31,47.24598307
G100000103449,L100000101332,China,https://www.gem.wiki/Guohua_Shouguang_power_station,Guohua Shouguang power station,Unit 1,国能寿光发电厂,神华国华寿光发电厂,Guoneng Shouguang Power Generation Co Ltd [100%],China Shenhua Energy Co Ltd [60.0%]; State Power Investment Corp Ltd [16.4%]; Shanghai Luyuan Investment Co Ltd [10.7%]; Shanghai Dingjing Investment Co Ltd [6.4%]; Shouguang Jinhong Investment Development Group Co Ltd [5.0%]; other [1.4%],1000,operating,2016,,,ultra-supercritical,bituminous,,,Yangkou,Shouguang,Weifang,Shandong,Eastern Asia,Asia,37.269686,118.906738,exact,11-Aug-15,11-Aug-15,"Year: 2015, Month: 8, Day: 11",,,,8,0.53,8272,94600,3.833331595,32,122.666611
G100000113286,L100000101334,China,https://www.gem.wiki/Hengtong_Chemical_power_station,Hengtong Chemical power station,Unit 4,,阳煤恒通化工热电厂,Shandong HENGTONG CHEMICALS Co Ltd [100%],Yangmei Chemical Co Ltd [81.7%]; Wenzhou Hengye New Material Technology Co Ltd [14.1%]; other [4.2%],60,operating,2002,,,subcritical,unknown,,,327 Renmin Road,Yancheng County,Linyi,Shandong,Eastern Asia,Asia,34.626771,118.324205,exact,,,,chemicals,both,,22,0.53,12182.8,96100,0.344109355,18,6.193968385
G100000103869,L100000101335,China,https://www.gem.wiki/Heze_Huarun_power_station,Heze Huarun power station,Phase I Unit 1,,华润电力菏泽发电厂,Huarun Power (Heze) Co Ltd [100%],Huarun Power (Heze) Co Ltd [100.0%],600,operating,2011,,,ultra-supercritical,anthracite,,,Huangzhen Xiang,Mudan District,Heze,Shandong,Eastern Asia,Asia,35.2528738,115.6860352,exact,30-Aug-10,30-Aug-10,"Year: 2010, Month: 8, Day: 30",,,,13,0.53,9099.2,98300,2.628952296,27,70.98171199
G100000115699,L100000104956,China,https://www.gem.wiki/Heze_Minsheng_cogen_power_station,Heze Minsheng cogen power station,Unit 1,,菏泽民生热力有限公司热电厂,Heze Minsheng Heating Co Ltd [100%],Heze Minsheng Heating Co Ltd [100.0%],30,operating,2021,,,CFB,unknown,,,,Gaoxin District,Heze,Shandong,Eastern Asia,Asia,35.248045,115.332066,exact,,,,,,,3,0.53,10442.4,96100,0.147475438,37,5.456591196
G100000103877,L100000101336,China,https://www.gem.wiki/Heze_power_station,Heze power station,Phase III Unit 5,,"山东中华发电有限公司菏泽发电厂 (Unit 3&4), 国电菏泽电发电厂",National Energy Heze Power Generation Co Ltd [100%],GD POWER Development Co Ltd [55.0%]; Heze Investment Development Co [39.2%]; National Energy Heze Power Generation Co Ltd Trade Union Committee [5.0%]; other [0.8%],330,operating,2006,,,subcritical,anthracite,,,Yuecheng Town,Mudan District,Heze,Shandong,Eastern Asia,Asia,35.2406919,115.5334526,exact,,,,,,,18,0.53,10442.4,98300,1.65936723,22,36.50607906
G100000103879,L100000101337,China,https://www.gem.wiki/Heze_Zhaolou_power_station,Heze Zhaolou power station,Unit 1,"兖煤菏泽能化赵楼综合利用电厂一期 (Unit 1), Yanzhou Coal Zhaolou Waste Coal Utilzation Project Phase II (Unit 2)",兖矿集团菏泽能化赵楼低热值煤电厂,Yanmei Heze Energy Chemical Co Ltd [100%],Yankuang Energy Group Co Ltd [98.3%]; other [1.7%],300,operating,2014,,,subcritical,unknown,,,Zhaolou,Yuncheng,Heze,Shandong,Eastern Asia,Asia,35.387593,115.959972,exact,,,,aluminum,both,heat,10,0.53,10442.4,96100,1.474754377,30,44.24263132
G100000104075,L100000101339,China,https://www.gem.wiki/Huadian_Laizhou_power_station,Huadian Laizhou power station,Phase II Unit 3,,华电国际莱州发电厂,Huadian Laizhou Power Generation Co Ltd [100%],Huadian Power International Co Ltd [75.0%]; Shandong Development Investment Holding Group Co Ltd [17.5%]; Shandong Guohui Investment Co Ltd [5.0%]; Shandong Caixin Asset Operation Co Ltd [2.5%],1000,operating,2019,,,ultra-supercritical,bituminous,,,Jincheng Town,Laizhou,Yantai,Shandong,Eastern Asia,Asia,37.432222,120.018056,exact,10-Sep-15,10-Sep-15,"Year: 2015, Month: 9, Day: 10",,,,5,0.53,8272,94600,3.833331595,35,134.1666058
G100000104084,L100000101340,China,https://www.gem.wiki/Huadian_Longkou_power_station,Huadian Longkou power station,Phase III Unit 5,,华电龙口发电厂,Shandong Bainian Electric Power Development Co Ltd [100%],Huadian Power International Co Ltd [100.0%],220,operating,1995,,,subcritical,anthracite,,,Huanghe Ying,Longkou,Yantai,Shandong,Eastern Asia,Asia,37.680335,120.313152,exact,,,,,,,29,0.53,12182.8,98300,1.290618957,11,14.19680852
G100000104157,L100000101342,China,https://www.gem.wiki/Huadian_Weifang_power_station,Huadian Weifang power station,Phase II Unit 3,,华电潍坊发电厂,Huadian Weifang Power Generation Co Ltd [100%],Huadian Power International Co Ltd [64.3%]; Weifang Investment Group Co Ltd [33.3%]; Shandong Caixin Asset Operation Co Ltd [2.4%],670,operating,2006,,,supercritical,bituminous,,,Cheliuzhuang,Kuiwen,Weifang,Shandong,Eastern Asia,Asia,36.6656392,119.2632115,exact,,,,,,,18,0.53,9249.9,94600,2.871955479,22,63.18302055
G100000104203,L100000101343,China,https://www.gem.wiki/Huadian_Zibo_power_station,Huadian Zibo power station,Phase II Unit 1,"华电淄博热电公司上大压小热电联产项目 (Phase II Unit 5, Phase II Unit 6), 南定热电 (Phase II Unit 1, Phase II Unit 2, Phase II Unit 3, Phase II Unit 4)",华电国际淄博热电,Huadian Zibo Thermoelectricity Co Ltd [100%],Huadian Power International Co Ltd [100.0%],88.6,retired,1996,2014,,subcritical,bituminous,,,131 Zhangnan Road,Zhangdian District,Zibo,Shandong,Eastern Asia,Asia,36.7602122,118.0540395,exact,,,,,,,18,0.53,11312.6,94600,0.46447465,0,0
G100000104322,L100000101344,China,https://www.gem.wiki/Huaneng_Dezhou_power_station,Huaneng Dezhou power station,Unit 1,华鲁发电厂 (Unit 1),华能德州电厂,Huaneng Dezhou Power Plant [100%],Huaneng Power International Inc [100.0%],330,operating,1991,,,subcritical,anthracite,,,Chenzhuang Village,Decheng District,Dezhou,Shandong,Eastern Asia,Asia,37.449349,116.2415516,exact,,,,,,,33,0.53,11747.7,98300,1.866788134,7,13.06751694
G100000112656,L100000101345,China,https://www.gem.wiki/Huaneng_Huangtai_power_station,Huaneng Huangtai power station,Unit 4,,华能济南黄台发电厂,Huaneng Jinan Huangtai Power Generation Co Ltd [100%],Huaneng Power International Inc [72.0%]; China Huaneng Group Co Ltd [18.0%]; Shanxi State-Owned Capital Investment and Operation Co Ltd [5.9%]; China Cinda Asset Management Co Ltd [3.5%]; Yangquan Coal Industry (Group) LLC [0.6%]; Shanxi Coking Coal Group Co Ltd [0.1%],50,retired,1960,2008,,subcritical,anthracite,,,166 Gongye North Road,Licheng,Jinan,Shandong,Eastern Asia,Asia,36.70776,117.08796,exact,,,,,,,48,0.53,12617.9,98300,0.303798293,0,0
G100000104399,L100000101346,China,https://www.gem.wiki/Huaneng_Jiaxiang_power_station,Huaneng Jiaxiang power station,Phase I Unit 1,,华能嘉祥电厂,Huaneng Jiaxiang Power Generation Co Ltd [100%],Huaneng Power International Inc [40.0%]; Shandong Ruyi International Fashion Industry Investment Holding Co Ltd [39.7%]; China Huaneng Group Co Ltd [10.0%]; ITOCHU Corp [5.9%]; Australia Maid International Trade [3.3%]; other [1.1%],330,operating,2007,,,subcritical,unknown,,,Jiaxiang Town Zhangliu Village,Jiaxiang,Jining,Shandong,Eastern Asia,Asia,35.385028,116.44318,exact,,,,,,,17,0.53,10442.4,96100,1.622229815,23,37.31128575
G100000112868,L100000101361,China,https://www.gem.wiki/Huaneng_Jining_Gaoxin_cogen_power_station,Huaneng Jining Gaoxin cogen power station,Unit 1,,华能济宁高新区热电,Huaneng Jining High Tech Zone Thermal Power Co Ltd [100%],Huaneng Power International Inc [40.0%]; Shandong Ruyi International Fashion Industry Investment Holding Co Ltd [39.7%]; China Huaneng Group Co Ltd [10.0%]; ITOCHU Corp [5.9%]; Australia Maid International Trade [3.3%]; other [1.1%],30,retired,2004,2023,,unknown,unknown,,,Sunshidian Village,Yanzhou District,Jining,Shandong,Eastern Asia,Asia,35.46868,116.705652,exact,,,,,,,19,0.53,11186.5,96100,0.157984178,0,0
G100000104413,L100000101347,China,https://www.gem.wiki/Huaneng_Jining_power_station,Huaneng Jining power station,Phase III Unit 5,,华能济宁电厂,Huaneng International Power Co Ltd Jining Power Plant [100%],Huaneng Power International Inc [100.0%],135,retired,2004,2022,,subcritical,bituminous,,,35 Ji'anqiao South Road,Rencheng District,Jining,Shandong,Eastern Asia,Asia,35.397076,116.554049,exact,,,,,,,18,0.53,11312.6,94600,0.707720968,0,0
G100000104428,L100000101348,China,https://www.gem.wiki/Huaneng_Laiwu_power_station,Huaneng Laiwu power station,Phase III Unit 6,"华能莱芜发电厂上大压小项目 (Phase III Unit 6, Phase III Unit 7)",华能莱芜电厂,Huaneng Laiwu Power Generation Co Ltd [100%],Huaneng Power International Inc [74.3%]; China Huaneng Group Co Ltd [18.6%]; Qilu Finance Investment Group Co Ltd [7.1%],1030,operating,2015,,,ultra-supercritical,bituminous,,,Gaozhuang Duixianmen Village,Laicheng,Laiwu,Shandong,Eastern Asia,Asia,36.1342702,117.6849675,exact,26-Jun-12,26-Jun-12,"Year: 2012, Month: 6, Day: 26",,,,9,0.53,8272,94600,3.948331543,31,122.3982778
G100000104430,L100000101349,China,https://www.gem.wiki/Huaneng_Liaocheng_power_station,Huaneng Liaocheng power station,Unit 1,,华能聊城电厂,Shandong Liaocheng Luneng Thermoelectricity Co Ltd [100%],Huaneng Power International Inc [60.0%]; Changrun Investment Holding Group Co Ltd [22.5%]; China Huaneng Group Co Ltd [15.0%]; Shandong Caixin Asset Operation Co Ltd [2.5%],55,retired,1990,2007,,subcritical,anthracite,,,39 Liaotang Road,Dongchangfu District,Liaocheng,Shandong,Eastern Asia,Asia,36.4684815,115.9117469,exact,,,,,,,17,0.53,11312.6,98300,0.299607972,0,0
G100000104499,L100000101350,China,https://www.gem.wiki/Huaneng_Qufu_power_station,Huaneng Qufu power station,Unit 1,,华能曲阜热电厂,Huaneng Qufu Thermal Power Co Ltd [100%],Huaneng Power International Inc [40.0%]; Shandong Ruyi International Fashion Industry Investment Holding Co Ltd [39.7%]; China Huaneng Group Co Ltd [10.0%]; ITOCHU Corp [5.9%]; Australia Maid International Trade [3.3%]; other [1.1%],225,operating,2006,,,subcritical,unknown,,,999 Xiaochang Road,Qufu,Jining,Shandong,Eastern Asia,Asia,35.607801,116.933863,exact,,,,,,,18,0.53,11312.6,96100,1.198237932,22,26.36123449
G100000104590,L100000101352,China,https://www.gem.wiki/Huaneng_Yantai_Bajiao_power_station,Huaneng Yantai Bajiao power station,Unit 1,,华能烟台八角发电厂,Huaneng Wanhua Yantai Bajiao Thermal Power Co Ltd [100%],Wanhua Chemical Group Co Ltd [50.0%]; Huaneng Power International Inc [40.0%]; China Huaneng Group Co Ltd [10.0%],670,operating,2018,,,ultra-supercritical,bituminous,,,Dajijia Town Bajiao Village,Fushan District,Yantai,Shandong,Eastern Asia,Asia,37.694515,121.127422,exact,18-Apr-14,18-Apr-14,"Year: 2014, Month: 4, Day: 18",,,,6,0.53,8272,94600,2.568332169,34,87.32329373
G100000111316,L100000101353,China,https://www.gem.wiki/Huaneng_Yantai_power_station,Huaneng Yantai power station,Unit 1,,华能烟台电厂,Huaneng Shandong Power Generation Co Ltd Yantai Power Plant [100%],Huaneng Power International Inc [80.0%]; China Huaneng Group Co Ltd [20.0%],50,retired,1976,,,subcritical,bituminous,,,67 Dianchang East Road,Zhifu District,Yantai,Shandong,Eastern Asia,Asia,37.5328073,121.314934,exact,,,,,,,20,0.53,12182.8,94600,0.282281867,0,0
G100000104635,L100000101354,China,https://www.gem.wiki/Huaneng_Zhanhua_power_station,Huaneng Zhanhua power station,Phase II Unit 3,,华能沾化热电厂,Huaneng Zhanhua Thermal Power Co Ltd [100%],Huaneng Power International Inc [100.0%],165,retired,2005,2022,,subcritical,bituminous,,,Fuguo Town,Zhanhua,Binzhou,Shandong,Eastern Asia,Asia,37.684314,118.111035,exact,,,,,,,17,0.53,11312.6,94600,0.864992294,0,0
G100000104643,L100000101355,China,https://www.gem.wiki/Huangdao_power_station,Huangdao power station,Unit 1,,大唐黄岛发电厂,Datang Huangdao Power Generation Co Ltd [100%],China Datang Corp [80.0%]; Qingdao Guoxin Development (Group) Co Ltd [20.0%],135,retired,1978,2009,,subcritical,anthracite,,,76 Chongming Island East Road,Huangdao District,Qingdao,Shandong,Eastern Asia,Asia,36.038333,120.219444,exact,,,,,,,31,0.53,12617.9,98300,0.820255392,0,0
G100000112658,L100000101358,China,https://www.gem.wiki/Huasheng_Jiangquan_cogen_power_station,Huasheng Jiangquan cogen power station,Unit 10,,华盛江泉罗庄热电联产项目,Shandong Huasheng Jiangquan Thermoelectricity Co Ltd [100%],Huasheng Jiangquan Group Co Ltd [95.0%]; natural person(s) [5.0%],350,construction,,,,supercritical,waste coal,大同矿区山西中煤杨涧煤业有限公司和大同煤矿集团轩岗煤电有限责任公司提供,,Xishantou Village,Luozhuang District,Linyi,Shandong,Eastern Asia,Asia,34.945412,118.313026,exact,"January 17, 2017 – 鲁发改能源〔2017〕51号",17-Jan-17,"Year: 2017, Month: 1, Day: 17",,,,0,0.53,9249.9,94600,1.50027525,40,60.01101002
G100000115859,L100000104996,China,https://www.gem.wiki/Jinan_cogen_power_station,Jinan cogen power station,Unit 1,,济南能源集团济南热电2×66万千瓦先进燃煤机组供热项目,Jinan Thermal Power Group Co Ltd [100%],Jinan Energy Group Co Ltd [100.0%],660,construction,2024,,,ultra-supercritical,unknown,,,Guyunhu Road,Changqing District,Jinan,Shandong,Eastern Asia,Asia,36.53453,116.775898,approximate,14-Apr-23,14-Apr-23,"Year: 2023, Month: 4, Day: 14",,,,0,0.53,8272,96100,2.570115113,40,102.8046045
G100000112877,L100000101360,China,https://www.gem.wiki/Jinan_Northern_Suburb_cogen_power_station,Jinan Northern Suburb cogen power station,Unit 5,,济南北郊热电厂,North Suburb Thermal Power Branch of Jinan Thermal Power Group Co Ltd [100%],Jinan Energy Group Co Ltd [100.0%],50,operating,2007,,,unknown,unknown,,,,Tianqiao,Jinan,Shandong,Eastern Asia,Asia,36.706441,117.00068,exact,,,,,,,17,0.53,11186.5,96100,0.263306964,23,6.056060171
G100000115680,L100000104958,China,https://www.gem.wiki/Jinan_Thermal_Power_Group_Beijiao_cogen_power_station,Jinan Thermal Power Group Beijiao cogen power station,Unit 2,,济南热电有限公司北郊热电厂,North Suburb Thermal Power Branch of Jinan Thermal Power Group Co Ltd [100%],Jinan Energy Group Co Ltd [100.0%],50,operating,1992,,,unknown,unknown,,,,,Jinan,Shandong,Eastern Asia,Asia,36.707019,117.000952,exact,,,,,,,32,0.53,12477.25,96100,0.293688537,8,2.349508294
G100000105248,L100000101362,China,https://www.gem.wiki/Jining_Yangcheng_power_station,Jining Yangcheng power station,Unit 1,Tai'an Lubang power station (Unit 1),山东济矿鲁能煤电公司阳城电厂,Yangcheng Power Plant of Shandong Jinkuang Luneng Coal Power Co Ltd [100%],Jining Energy Development Group Co Ltd [54.0%]; China Chengtong Holdings Group Ltd [16.4%]; China Guoxin Holding Corp [11.1%]; State Grid Corporation of China [10.7%]; Shandong Caixin Asset Operation Co Ltd [6.0%]; other [1.8%],150,operating,2009,,,subcritical,unknown,,,Guolou Town,Wenshang County,Jining,Shandong,Eastern Asia,Asia,35.772746,116.319352,exact,,,,,,,15,0.53,11312.6,96100,0.798825288,25,19.97063219
G100000115683,L100000104959,China,https://www.gem.wiki/Jiyang_Xinhua_Energy_Ltd_power_station,Jiyang Xinhua Energy Ltd power station,Unit 1,,济阳新华能源实业有限公司发电厂,Jiyang Xinhua Energy Industry Co Ltd [100%],Jiyang State Owned Assets Investment Holding Group Co Ltd [100.0%],30,operating,2004,,,CFB,unknown,,,,Jiyang County,Jinan,Shandong,Eastern Asia,Asia,36.94897,117.166851,exact,,,,,,,20,0.53,12182.8,96100,0.172054677,20,3.441093547
G100001000216,L100000101363,China,https://www.gem.wiki/JV_County_Fengyuan_cogen_power_station,JV County Fengyuan cogen power station,Former Unit 1,,莒县丰源热电,Juxian Fengyuan Thermal Power Co Ltd [100%],Haoyu Group Co Ltd [54.5%]; natural person(s) [19.6%]; Juxian Urban Construction Investment Group Co Ltd [19.0%]; Agricultural Development Bank of China [6.9%],30,retired,2016,2023,,CFB,unknown,,,,JV County,Rizhao,Shandong,Eastern Asia,Asia,35.627929,118.848185,exact,,,,,,,7,0.53,10442.4,96100,0.147475438,0,0
G100000106112,L100000101364,China,https://www.gem.wiki/Laicheng_power_station,Laicheng power station,Unit 1,,华电国际莱城发电厂,Huadian International Power Co Ltd Laicheng Power Plant [100%],Huadian Power International Co Ltd [100.0%],335,operating,1999,,,subcritical,bituminous,,,Jiajiazhuang Village,Laicheng,Laiwu,Shandong,Eastern Asia,Asia,36.2546311,117.6716154,exact,,,,,,,25,0.53,11312.6,94600,1.756196475,15,26.34294713
G100000114384,L100000104632,China,https://www.gem.wiki/Laoling_Leyuan_cogen_power_station,Laoling Leyuan cogen power station,Unit 1,Yueling Leyuan Cogen power station,乐陵乐源热电,Leling Leyuan Thermoelectricity Co Ltd [100%],Shandong Starlight Sugar Industry Co Ltd [90.0%]; Taishan Sports Industry Group Co Ltd [10.0%],30,retired,,2023,,unknown,unknown,,,,Yueling,Dezhou,Shandong,Eastern Asia,Asia,37.747809,117.223656,exact,,,,agriculture,both,heat,20,0.53,12047,96100,0.170136807,0,0
G100000112941,L100000101365,China,https://www.gem.wiki/Liaocheng_Xiangguang_cogen_power_station,Liaocheng Xiangguang cogen power station,Unit 1,,"山东能源聊城祥光2×66万千瓦热电联产项目, 山能祥光热电厂",Liaocheng Xiangguang Power Generation Co Ltd [100%],Xinfengxiang Holding Group Co Ltd [39.0%]; Shandong Energy Group Co Ltd [35.7%]; Shandong Guohui Investment Co Ltd [10.2%]; Harbin Electric Corp [6.0%]; Shandong Caixin Asset Operation Co Ltd [5.1%]; Shareholders of overseas listed foreign shares [4.0%],660,construction,,,,ultra-supercritical,unknown,,,Yanlou Town,Yanggu,Liaocheng,Shandong,Eastern Asia,Asia,36.158901,115.850148,exact,27-May-17,27-May-17,"Year: 2017, Month: 5, Day: 27",,,,0,0.53,8272,96100,2.570115113,40,102.8046045
G100000114091,L100000104529,China,https://www.gem.wiki/Linqing_Deneng_Biotech_power_station,Linqing Deneng Biotech power station,Unit 1,,临清市德能生物科技公司自备电厂,Linqing Deneng Biological Technology Co Ltd [100%],Shandong Shouguang Juneng Thermoelectricity Development Co Ltd [82.0%]; other [17.0%]; Shouguang Kexiao Economic and Trade Co Ltd [0.5%]; Shouguang Lanyue Economic and Trade Co Ltd [0.5%],48,retired,,2018,,subcritical,unknown,,,Daxinzhuang,Linqing,Liaocheng,Shandong,Eastern Asia,Asia,36.7781,115.7463,approximate,,,,agriculture,,,20,0.53,12182.8,96100,0.275287484,0,0
G100000114383,L100000104631,China,https://www.gem.wiki/Linqing_Yunhe_cogen_power_station,Linqing Yunhe cogen power station,Unit 3,,临清运河热电,Linqing Yunhe Thermal Power Co Ltd [100%],Linqing Zhongzhou Investment Operation Group Co Ltd [51.9%]; China Nonferrous Metal Mining (Group) Co Ltd [38.0%]; CNMC Albetter Copper Co Ltd [9.5%]; other [0.7%],48,retired,,2023,,unknown,unknown,,,,Linqing,Liaocheng,Shandong,Eastern Asia,Asia,36.855469,115.733975,exact,,,,,,,20,0.53,12047,96100,0.272218892,0,0
G100000106330,L100000101369,China,https://www.gem.wiki/Linyi_power_station,Linyi power station,Phase II Unit 1,"华能临沂发电厂 (Phase II Unit 1, Phase II Unit 2)","华能临沂发电有限公司9F级2×475MW燃机热电项目（1，2）, 华能临沂热电厂",Huaneng Linyi Power Generation Co Ltd [100%],Huaneng Power International Inc [60.0%]; Linyi Investment Development Co Ltd [22.5%]; China Huaneng Group Co Ltd [15.0%]; Shandong Caixin Asset Operation Co Ltd [2.5%],350,operating,2013,,,supercritical,bituminous,,,99 Gongye Avenue,Luozhuang District,Linyi,Shandong,Eastern Asia,Asia,35.00713,118.32388,exact,9-Oct,9-Oct,"Year: 2009, Month: 10",,,,11,0.53,10090.8,94600,1.63666391,29,47.46325338
G100000113726,L100000101368,China,https://www.gem.wiki/Linyi_Xincheng_Jinluo_cogen_power_station,Linyi Xincheng Jinluo cogen power station,Phase VII Unit 1,,临沂新程金锣热电厂,Linyi Xincheng Jinluo Meat Products Group Co Ltd [100%],Golden Luo (Hong Kong) Holdings [100.0%],50,operating,2017,,,unknown,unknown,,,Bancheng Town,Lanshan District,Linyi,Shandong,Eastern Asia,Asia,35.248675,118.295224,exact,,,,agriculture,both,heat,7,0.53,10326,96100,0.243052582,33,8.02073521
G100000114378,L100000104630,China,https://www.gem.wiki/Linyi_Yangguang_Heat_supply_power_station,Linyi Yangguang Heat supply power station,Unit 1,,临沂阳光热电厂,Linyi Sunshine Thermal Power Co Ltd [100%],Linyi City Construction Investment Group Co Ltd [54.0%]; Linyi Investment Development Co Ltd [36.0%]; Shandong Caixin Asset Operation Co Ltd [10.0%],30,operating,,,,unknown,unknown,,,,Fei County,Linyi,Shandong,Eastern Asia,Asia,35.17319,118.140008,exact,,,,,,,20,0.53,12047,96100,0.170136807,20,3.40273615
G100000115687,L100000104960,China,https://www.gem.wiki/Linzi_cogen_power_station,Linzi cogen power station,Unit 7,,临淄热电厂,Zibo Linzi Thermal Power Plant Co Ltd [100%],Zibo Jinxi New Energy Co Ltd [70.0%]; natural person(s) [20.1%]; Zibo Zhongxiang Real Estate Co Ltd [9.9%],50,retired,,2021,,unknown,unknown,,,,Linzi,Zibo,Shandong,Eastern Asia,Asia,36.800946,118.223062,exact,,,,,,,20,0.53,12047,96100,0.283561346,0,0
G100000106356,L100000101370,China,https://www.gem.wiki/Liyan_power_station,Liyan power station,Unit 1,,里能集团里彦发电厂,Shandong Liyan Power Generation Co Ltd [100%],Shandong Lineng Group Co Ltd [67.3%]; Shandong Qilu Xinhang Group Co Ltd [32.7%],56,retired,1995,2007,,subcritical,bituminous,,,Taiping Town,Zoucheng,Jining,Shandong,Eastern Asia,Asia,35.343898,116.791609,exact,,,,,,,12,0.53,11312.6,94600,0.293573142,0,0
G100000106362,L100000101371,China,https://www.gem.wiki/Liyuan_cogen_power_station,Liyuan cogen power station,Phase II Unit 3,,山东鑫海科技莒南力源热电,Junan Liyuan Thermal Power Co Ltd [100%],Linyi Xintai Mining Co Ltd [34.7%]; Shanghai Zhuiyue Enterprise Management Center [23.8%]; Junan Haode Investment Co Ltd [22.9%]; Shanghai Jielv Enterprise Management Center [13.7%]; other [4.8%],350,operating,2019,,,supercritical,unknown,,,Lingang District,Jvnan,Linyi,Shandong,Eastern Asia,Asia,35.174645,119.036761,exact,3-Mar-16,3-Mar-16,"Year: 2016, Month: 3, Day: 3",,,,5,0.53,9249.9,96100,1.52406397,35,53.34223895
G100000114386,L100000104634,China,https://www.gem.wiki/Longkou_Jiayuan_Dongsheng_cogen_power_station,Longkou Jiayuan Dongsheng cogen power station,Unit 2,,嘉元东盛热电,Longkou Jiayuan Dongsheng Thermal Power Co Ltd [100%],Shandong Jiayuan Group Co Ltd [99.0%]; other [1.0%],30,operating,,,,unknown,unknown,,,,Longkou,Yantai,Shandong,Eastern Asia,Asia,37.616008,120.504506,exact,,,,,,,20,0.53,12047,96100,0.170136807,20,3.40273615
G100000106447,L100000101373,China,https://www.gem.wiki/Lubei_power_station,Lubei power station,Unit 1,,大唐鲁北发电厂,Datang Lubei Power Generation Co Ltd [100%],China Datang Corp [70.0%]; Shandong Lubei High Tech Zone Industrial Development Group Co Ltd [13.3%]; Huitai Holding Group Co Ltd [6.0%]; Hangzhou Jinjiang Group Co Ltd [5.0%]; Zhejiang Hengjia Holding Co Ltd [2.9%]; Hangzhou Yande Industrial Co Ltd [2.8%],330,operating,2009,,,subcritical,bituminous,,,Chengkou,Wudi,Binzhou,Shandong,Eastern Asia,Asia,38.082387,117.741976,exact,2005,2005,Year: 2005,,,,15,0.53,10442.4,94600,1.59690885,25,39.92272126
G100000113723,L100000101374,China,https://www.gem.wiki/Luxi_Chemical_cogen_power_station,Luxi Chemical cogen power station,East Unit 1,鲁西化工第一化肥公司热电厂 (Unit 1),鲁西化工聊城鲁西供热股份公司热电厂,Liaocheng Luxi Heating Co Ltd [100%],Luxi Chemical Group Co Ltd [100.0%],90,operating,2017,,,unknown,unknown,,,260 Provincial Rd,Shen County,Liaocheng,Shandong,Eastern Asia,Asia,36.159663,115.853251,exact,,,,chemicals,both,heat,7,0.53,10326,96100,0.437494648,33,14.43732338
G100000107260,L100000101376,China,https://www.gem.wiki/Nanshan_Aluminum_Donghai_power_station,Nanshan Aluminum Donghai power station,Phase III Unit 5,"Shandong Yili power station (Phase III Unit 5, Phase III Unit 6, Phase III Unit 7), 南山热电厂 (Phase III Unit 5, Phase III Unit 6, Phase III Unit 7), 怡力热电厂 (Phase III Unit 5, Phase III Unit 6, Phase III Unit 7), Tokai Power Station (Phase I Unit 1, Phase I Unit 2, Phase II Unit 3, Phase II Unit 4), 东海热电厂 (Phase I Unit 1, Phase I Unit 2, Phase II Unit 3, Phase II Unit 4)",南山铝业东海热电厂,Shandong Nanshan Aluminium Co Ltd [100%],other [47.1%]; Nanshan Group Co Ltd [42.2%]; Hong Kong Securities Clearing Company Ltd [5.7%]; Shanghai Stock Exchange (China Securities Museum) [1.6%]; Shenzhen Stock Exchange [1.6%]; Shanghai Futures Exchange [0.9%]; Dalian Commodity Exchange [0.6%]; Zhengzhou Commodity Exchange [0.4%],330,operating,2010,,,subcritical,unknown,,,,Longkou,Yantai,Shandong,Eastern Asia,Asia,37.728687,120.443329,exact,,,,aluminum,both,,14,0.53,10442.4,96100,1.622229815,26,42.17797519
G100000112666,L100000101377,China,https://www.gem.wiki/Nanshan_Thermal_power_station,Nanshan Thermal power station,Phase II Unit 3,"怡力热电二期 (Phase II Unit 3, Phase II Unit 4)",南山铝业南山热电厂,Shandong Yili Electric Industry Co Ltd [100%],Nanshan Group Co Ltd [100.0%],150,retired,2009,2022,,subcritical,bituminous,,,Dongjiang Town Nanshan South Road,Longkou,Yantai,Shandong,Eastern Asia,Asia,37.593105,120.470388,exact,,,,aluminum,both,,13,0.53,11312.6,94600,0.786356631,0,0
G100000107271,L100000101378,China,https://www.gem.wiki/Nantun_Mine_power_station,Nantun Mine power station,Unit 1,,兖矿集团科澳铝业南屯发电厂,Yankuang Keao Aluminum Industry Co Ltd [100%],Shandong Energy Group Co Ltd [52.5%]; Huayuan Resources Investment [25.0%]; Shandong Guohui Investment Co Ltd [15.0%]; Shandong Caixin Asset Operation Co Ltd [7.5%],50,retired,2003,2017,,subcritical,waste coal,,,Taiping Town,Zoucheng,Jining,Shandong,Eastern Asia,Asia,35.376062,116.869972,exact,,,,aluminum,,,14,0.53,11312.6,94600,0.262118877,0,0
G100000115376,L100000104909,China,https://www.gem.wiki/Ningyang_Jinming_power_station,Ningyang Jinming power station,Unit 2,,宁阳县金明热电,Ningyang Jinming Thermal Power Co Ltd [100%],Ningyang County State-owned Assets Operation Center [90.0%]; other [10.0%],30,operating,2001,,,unknown,unknown,,,Huayang Road & Qixian Road,Ningyang,Tai'an,Shandong,Eastern Asia,Asia,35.751218,116.786203,exact,,,,,,,23,0.53,12047,96100,0.170136807,17,2.892325727
G100000112805,L100000101379,China,https://www.gem.wiki/Pingyuan_Chemical_power_station,Pingyuan Chemical power station,Unit 3,,阳煤平原化工热电厂,Yangmei Pinyuan Chemical Co Ltd [100%],Yangmei Chemical Co Ltd [51.0%]; China Fertilizer (Holdings) [36.8%]; Pingyuan Juyuan State Owned Assets Management Co Ltd [12.2%],40,operating,2010,,,unknown,unknown,,,15 Lijiao E Road,Pingyuan,Dezhou,Shandong,Eastern Asia,Asia,37.185017,116.48055,exact,,,,chemicals,both,,14,0.53,11186.5,96100,0.210645571,26,5.47678485
G100000108298,L100000101380,China,https://www.gem.wiki/Qilu_Works_power_station,Qilu Works power station,Unit 01,中国石油化工股份有限公司齐鲁分公司1#-8#热电机组背压替代改造项目,齐鲁石化热电厂,China Petroleum and Chemical Co Ltd QILU Branch [100%],China Petrochemical Corp [100.0%],60,retired,1987,2018,,subcritical,bituminous,,,Sinopec Qilu plant,Linzi,Zibo,Shandong,Eastern Asia,Asia,36.7852045,118.2130666,exact,,,,chemicals,both,heat,31,0.53,12617.9,94600,0.350836035,0,0
G100000114466,L100000104663,China,https://www.gem.wiki/Qingdao_Hengyuan_cogen_power_station,Qingdao Hengyuan cogen power station,Unit 3,博源热电厂,青岛恒源热电,Qingdao Hengyuan Thermal Power Co Ltd [100%],Qingdao Energy Group Co Ltd [100.0%],30,operating,,,,unknown,unknown,,,,West Coast New District,Qingdao,Shandong,Eastern Asia,Asia,36.011747,120.131452,exact,,,,,,,20,0.53,12047,96100,0.170136807,20,3.40273615
G100000108306,L100000101381,China,https://www.gem.wiki/Qingdao_power_station,Qingdao power station,Phase II Unit 1,,华电国际青岛发电厂,Huadian Qingdao Power Generation Co Ltd [100%],Huadian Power International Co Ltd [55.0%]; Qingdao Guoxin Development (Group) Co Ltd [45.0%],320,operating,1996,,,subcritical,bituminous,,,Xinglongyi Road,Shibei District,Qingdao,Shandong,Eastern Asia,Asia,36.1124252,120.3295108,exact,,,,,,,28,0.53,11312.6,94600,1.677560812,12,20.13072975
G100000113051,L100000101382,China,https://www.gem.wiki/Rizhao_Iron_and_Steel_cogen_power_station,Rizhao Iron and Steel cogen power station,Unit 1,,日照钢铁热电联产,Rizhao Xinyuan Thermal POWER Co Ltd [100%],Jinghua Rigang Holding Group Co Ltd [98.8%]; other [1.2%],330,operating,2013,,,subcritical,unknown,,,Hanjia Village,Lanshan District,Rizhao,Shandong,Eastern Asia,Asia,35.156207,119.366648,exact,1-Jul-16,1-Jul-16,"Year: 2016, Month: 7, Day: 1",iron & steel,both,both,11,0.53,10442.4,96100,1.622229815,29,47.04466464
G100000108603,L100000101383,China,https://www.gem.wiki/Rizhao_power_station,Rizhao power station,Phase II Unit 3,,华能日照电厂,"Huaneng Power International, Inc. Rizhao power plant [100%]",Huaneng Power International Inc [100.0%],680,operating,2008,,,supercritical,unknown,,,Kuishanzui,Donggang District,Rizhao,Shandong,Eastern Asia,Asia,35.3454727,119.5104761,exact,9-Mar-07,9-Mar-07,"Year: 2007, Month: 3, Day: 9",,,,16,0.53,9249.9,96100,2.96103857,24,71.06492569
G100000114442,L100000104652,China,https://www.gem.wiki/Rizhao_Sunshine_cogen_power_station,Rizhao Sunshine cogen power station,Unit 4,,日照阳光热电,Rizhao Sunshine Thermal Power Co Ltd [100%],Rizhao Linghai Hotel Co Ltd [30.0%]; Rizhao Lingyunhai Sugar Group Co Ltd [30.0%]; Rizhao Economic and Technological Development Zone Ruida City Development Co Ltd [26.4%]; China Development Bank Corp [7.9%]; Agricultural Development Bank of China [5.7%],30,operating,2012,,,unknown,unknown,,,201 Yinchuan Road,,Rizhao,Shandong,Eastern Asia,Asia,35.382154,119.502252,exact,,,,,,,12,0.53,11186.5,96100,0.157984178,28,4.423556994
G100000114462,L100000104660,China,https://www.gem.wiki/Rongcheng_City_cogen_power_station,Rongcheng City cogen power station,Unit 3,荣成市热电厂公司,荣成市热电,Rongcheng Thermoelectricity Factory [100%],Rongcheng Thermoelectric Gas Group Co Ltd [100.0%],35,operating,,,,unknown,unknown,,,,Rongcheng,Weihai,Shandong,Eastern Asia,Asia,37.144641,122.431804,exact,,,,,,,20,0.53,12047,96100,0.198492942,20,3.969858841
G100000113733,L100000101384,China,https://www.gem.wiki/Rongcheng_Haoyang_cogen_power_station,Rongcheng Haoyang cogen power station,Unit 2,"荣成市人民政府石岛管理区热电联产PPP项目 (荣成昊阳热电) (Unit 2, Unit 3), 石岛昊阳热电 (Unit 4), 荣成昊阳热电 (Unit 4), 荣成市人民政府石岛管理区热电联产PPP项目 (Unit 4)",荣成昊阳热电,Shuifa Thermal Power (Rongcheng) Co Ltd [100%],Shuifa Group Co Ltd [47.4%]; Rongcheng Shidao Management District State Owned Assets Management Co Ltd [31.2%]; Shandong Guohui Investment Co Ltd [13.6%]; Shandong Caixin Asset Operation Co Ltd [6.8%]; other [1.0%],30,operating,2018,,,unknown,unknown,,,Shidao Town,Rongcheng,Weihai,Shandong,Eastern Asia,Asia,36.86254,122.362808,exact,,,,,,,6,0.53,10326,96100,0.145831549,34,4.958272675
G100000114423,L100000104647,China,https://www.gem.wiki/Shandong_Binzhou_Binbei_cogen_power_station,Shandong Binzhou Binbei cogen power station,Unit 6,,山东滨州滨北热电,Shandong Binzhou Binbei Thermoelectricity Co Ltd [100%],Shandong Binzhou Binbei Thermoelectricity Co Ltd [100.0%],30,operating,2002,,,unknown,unknown,,,,Bincheng District,Binzhou,Shandong,Eastern Asia,Asia,37.478206,117.99117,exact,,,,,,,22,0.53,12047,96100,0.170136807,18,3.062462535
G100000108985,L100000101385,China,https://www.gem.wiki/Shandong_Chenming_Mill_power_station,Shandong Chenming Mill power station,Unit 1,,晨鸣纸业山东自备电厂,Shandong Chenming Paper Holdings Ltd [100%],Shandong Chenming Paper Holdings Ltd [100.0%],50,retired,2002,2018,,subcritical,bituminous,,,Wulidun,Shouguang,Weifang,Shandong,Eastern Asia,Asia,36.859209,118.700121,exact,,,,pulp & paper,,,16,0.53,11312.6,94600,0.262118877,0,0
G100000114408,L100000104639,China,https://www.gem.wiki/Shandong_Fengyuan_Tongda_power_station,Shandong Fengyuan Tongda power station,Unit 6,,山东丰源通达电厂,Shandong Fengyuan Tongda Power Co Ltd [100%],Shandong Yizhou State Owned Assets Management Group Co Ltd [45.8%]; other [18.1%]; Shandong Hongda City Development Investment Co Ltd [11.8%]; Shanghai Zhonglu Group Co Ltd [11.4%]; Shanghai Shuhe Industrial Development Co Ltd [5.1%]; Xinjiang Huiyou Holding Group Co Ltd [2.1%]; Shanghai Rongwan Investment Management Center LP [1.3%]; Shanghai Hansi Motor Co Ltd [1.2%]; Pujiang VAN-BURST Manufactures Co Ltd [0.8%]; Beijing Huachen Century Investment Co Ltd [0.7%]; Tengye Investment Co Ltd [0.7%]; Beijing Shilong New Technology Development Co Ltd [0.6%]; Lingtong Investment Group Co Ltd [0.4%]; Beijing Xihua Investment Management Co Ltd [0.0%],45,operating,,,,unknown,unknown,,,,Yicheng District,Zaozhuang,Shandong,Eastern Asia,Asia,34.739641,117.539037,exact,,,,pulp & paper,both,,20,0.53,12047,96100,0.255205211,20,5.104104224
G100000114878,L100000104779,China,https://www.gem.wiki/Shandong_Guangfu_captive_power_station,Shandong Guangfu captive power station,Unit 1,,山东广富集团热电厂,Shandong Guangfu Group Co Ltd [100%],natural person(s) [89.3%]; Shandong Chaote High End Equipment Technology Co Ltd [10.7%],60,retired,,2020,,unknown,unknown,,,Qingyang Town,Zouping,Binzhou,Shandong,Eastern Asia,Asia,36.856324,117.630539,exact,,,,iron & steel,both,,20,0.53,12047,96100,0.340273615,0,0
G100000114274,L100000101387,China,https://www.gem.wiki/Shandong_Haihua_Weifang_power_station,Shandong Haihua Weifang power station,New Unit 7,"山东海化集团潍坊热电公司新厂 (New Unit 7, New Unit 8), 山东海化集团潍坊热电公司三电厂 (Unit 3-1, Unit 3-2)",山东海化集团潍坊热电厂,Shandong Haihua Group Co Ltd Thermal Power Branch [100%],Weifang Investment Group Co Ltd [51.3%]; China Nationasl Salt Industry Corp [30.0%]; Sinochem Holdings Corporation Ltd [7.2%]; China Chengtong Holdings Group Ltd [4.4%]; Shandong Caixin Asset Operation Co Ltd [3.7%]; China Guoxin Holding Corp [3.3%],30,operating,,,,subcritical,unknown,,,Haihua Street,Hanting District,Weifang,Shandong,Eastern Asia,Asia,37.130132,119.032725,exact,,,,chemicals,both,,20,0.53,12182.8,96100,0.172054677,20,3.441093547
G100000114413,L100000104642,China,https://www.gem.wiki/Shandong_Hengli_Heat_Supply_power_station,Shandong Hengli Heat Supply power station,Unit 1,,山东恒力热电,Shandong Hengli Heating Ltd [100%],Shandong Yuhuang Chemical Co Ltd [100.0%],30,operating,,,,unknown,unknown,,,,Dongming,Heze,Shandong,Eastern Asia,Asia,35.230326,115.120844,exact,,,,,,,20,0.53,12047,96100,0.170136807,20,3.40273615
G100000114412,L100000104641,China,https://www.gem.wiki/Shandong_Hengren_Industrial_power_station,Shandong Hengren Industrial power station,Unit 1,滕州辛绪化工原料公司电厂,山东恒仁工贸公司电厂,Shandong Hengren Industry and Trade Co Ltd [100%],Shandong Hengren Industry and Trade Co Ltd [100.0%],40,operating,,,,unknown,unknown,,,,Tengzhou,Zaozhuang,Shandong,Eastern Asia,Asia,35.160285,117.291613,exact,,,,agriculture,both,,20,0.53,12047,96100,0.226849077,20,4.536981533
G100000114415,L100000104643,China,https://www.gem.wiki/Shandong_Hengshun_Heat_Supply_power_station,Shandong Hengshun Heat Supply power station,Unit 1,,山东恒顺热电,Shandong Hengshun Heating Co Ltd [100%],China Risun Group (Hong Kong) [100.0%],30,operating,,,,unknown,unknown,,,,Dongming,Heze,Shandong,Eastern Asia,Asia,35.230242,115.120797,exact,,,,,,,20,0.53,12047,96100,0.170136807,20,3.40273615
G100000112802,L100000101388,China,https://www.gem.wiki/Shandong_Hualu_Hengsheng_power_station,Shandong Hualu Hengsheng power station,Unit 1,,山东华鲁恒升化工热电厂,Shandong HUALU-HENGSHENG Chemical Co Ltd [100%],Shandong HUALU-HENGSHENG Chemical Co Ltd [100.0%],60,retired,1995,2023,,unknown,unknown,,,24 W Tianqv Road,Decheng District,Dezhou,Shandong,Eastern Asia,Asia,37.462342,116.242966,exact,,,,chemicals,both,,28,0.53,12047,96100,0.340273615,0,0
G100000108997,L100000101389,China,https://www.gem.wiki/Shandong_Huatai_power_station,Shandong Huatai power station,Unit 1,山东华泰热电厂,华泰化工集团大王镇热电厂,Shandong Huatai Thermal Power Co Ltd [100%],HUATAI Group Co Ltd [28.5%]; Guangrao Hengtai Operation Management Co Ltd [24.0%]; Guangrao Shenghui Holding Co Ltd [24.0%]; Huatai Group Co Ltd Trade Union Committee [20.8%]; other [2.7%],135,operating,2013,,,subcritical,unknown,,,Dawang Town,Guangrao,Dongying,Shandong,Eastern Asia,Asia,37.009067,118.490549,exact,,,,pulp & paper,both,heat,11,0.53,11312.6,96100,0.718942759,29,20.84934001
G100000106320,L100000101367,China,https://www.gem.wiki/Shandong_Huayu_aluminum_power_station,Shandong Huayu aluminum power station,Unit 1,Linyi Huasheng power station,中铝山东华宇铝电厂,Shandong HUAYU Alloy Material Co Ltd [100%],Aluminum Corporation of China Ltd [55.0%]; Linyi Rongxin Holding Co Ltd [20.1%]; Huasheng Jiangquan Group Co Ltd [18.2%]; Linyi Zhongsheng Metal Technology Co Ltd [3.4%]; Linyi Zhongfa Holding Co Ltd [1.3%]; Linyi Luozhuang Financial Investment Group Co Ltd [1.2%]; Linyi Luomei Urban Construction Co Ltd [0.7%]; Agricultural Development Bank of China [0.1%],135,operating,2003,,,subcritical,anthracite,,,2 Wenhua Road,Luozhuang District,Linyi,Shandong,Eastern Asia,Asia,34.956982,118.305683,exact,,,,aluminum,both,heat,21,0.53,12182.8,98300,0.791970724,19,15.04744375
G100000109003,L100000101391,China,https://www.gem.wiki/Shandong_Jinling_power_station,Shandong Jinling power station,Unit 3,,金岭集团广饶县大王镇热电厂,Shandong Jin Ling Chemical Co [100%],Shandong Jinling Group Co Ltd [66.2%]; Creative Development [33.8%],50,operating,2006,,,subcritical,unknown,,,Dawang Town,Guangrao,Dongying,Shandong,Eastern Asia,Asia,36.995441,118.529629,exact,,,,chemicals,both,,18,0.53,11312.6,96100,0.266275096,22,5.85805211
G100000115692,L100000104955,China,https://www.gem.wiki/Shandong_Lutai_cogen_power_station,Shandong Lutai cogen power station,Unit 5,,山东鲁泰热电有限公司热电厂,Shandong Lutai Thermal Power Co Ltd [100%],China Cinda Asset Management Co Ltd [53.5%]; Shandong Lutai Coal Industry Co Ltd [46.5%],30,operating,2009,,,unknown,unknown,,,Chibie Village,Yutai County,Jining,Shandong,Eastern Asia,Asia,35.09269,116.562373,exact,,,,,,,15,0.53,11186.5,96100,0.157984178,25,3.949604459
G100000112938,L100000101392,China,https://www.gem.wiki/Shandong_Luxi_power_station,Shandong Luxi power station,Unit 1,"Liyan power station Unit 8 (Unit 2), Liyan power station Unit 7 (Unit 1)",里能集团鲁西发电煤炭地下气化发电项目,Shandong Luxi Power Generation Co Ltd [100%],Shandong Energy Group Co Ltd [33.2%]; Shandong Guohui Investment Co Ltd [9.5%]; Shandong Caixin Asset Operation Co Ltd [4.7%]; Yankuang Group Co Ltd,600,operating,2022,,,ultra-supercritical,waste coal,,,Taiping Town,Zoucheng,Jining,Shandong,Eastern Asia,Asia,35.344546,116.784365,exact,1-Feb-16,1-Feb-16,"Year: 2016, Month: 2, Day: 1",,,,2,0.53,8272,94600,2.299998957,38,87.39996036
G100001018843,L100001016873,China,https://www.gem.wiki/Shandong_Mingrui_cogen_power_station,Shandong Mingrui cogen power station,Unit 1,,山东明瑞热电股份有限公司热电联产项目,Shandong Mingrui Thermal Power Co Ltd,Shandong Mingrui Thermal Power Co Ltd,50,operating,2020,,,CFB,unknown,,,,Zhangdian District,Zibo,Shandong,Eastern Asia,Asia,36.770137,118.142204,exact,,,,,,,4,0.53,10442.4,96100,0.245792396,36,8.848526264
G100000114425,L100000104646,China,https://www.gem.wiki/Shandong_Port_Public_Heat_Supply_power_station,Shandong Port Public Heat Supply power station,Unit 1,,山东码头公共集中供热公司热电,Shandong Dock Public Central Heating Co Ltd [100%],Zhongrong Shuangchuang (Beijing) Technology Group Co Ltd [100.0%],60,retired,,2022,,unknown,unknown,,,Port Zone,Zouping,Binzhou,Shandong,Eastern Asia,Asia,37.015273,117.411912,exact,,,,,,,20,0.53,12047,96100,0.340273615,0,0
G100000114424,L100000104645,China,https://www.gem.wiki/Shandong_Ruihe_Industrial_Co_power_station,Shandong Ruihe Industrial Co power station,Unit 3,,山东瑞和实业公司发电厂,Shandong Ruihe Industrial Co Ltd [100%],Shandong Ruihe Industrial Co Ltd [100.0%],60,operating,,,,unknown,unknown,,,,Gaoxin District,Zibo,Shandong,Eastern Asia,Asia,36.795221,118.093149,exact,,,,agriculture,both,,20,0.53,12047,96100,0.340273615,20,6.805472299
G100000115378,L100000104910,China,https://www.gem.wiki/Shandong_Runyin_Biochemical_power_station,Shandong Runyin Biochemical power station,Unit 3,,山东润银生物化工股份有限公司热电厂,Shandong Runyin Biochemical Co Ltd [100%],Dongping Jiajing Agricultural Technology Co Ltd [83.8%]; other [8.9%]; natural person(s) [7.3%],50,operating,,,,unknown,unknown,,,Pengji,Dongping County,Tai'an,Shandong,Eastern Asia,Asia,35.882034,116.454336,exact,,,,chemicals,both,,20,0.53,12047,96100,0.283561346,20,5.671226916
G100000114031,L100000104501,China,https://www.gem.wiki/Shandong_Senyuan_captive_power_station,Shandong Senyuan captive power station,--,,山东省莘县森源实业公司自备电厂,Shandong Shenxian Senyuan Industrial Co Ltd [100%],Shandong Shenxian Senyuan Industrial Co Ltd [100.0%],50,retired,,2018,,subcritical,unknown,,,Guyun Town,Shen County,Liaocheng,Shandong,Eastern Asia,Asia,35.8251,115.3923,approximate,,,,,,,20,0.53,12182.8,96100,0.286757796,0,0
G100000114085,L100000104527,China,https://www.gem.wiki/Shandong_Steel_Rizhao_captive_power_station,Shandong Steel Rizhao captive power station,Unit 1,,山钢日照精品基地自备电厂,Shandong Xuguo Energy Co Ltd [100%],Beijing Xuguo Electric Power Technology Development Center LP [100.0%],350,operating,2019,,,supercritical,unknown,,,,Lanshan District,Rizhao,Shandong,Eastern Asia,Asia,35.186041,119.388047,exact,,,,iron & steel,both,,5,0.53,9249.9,96100,1.52406397,35,53.34223895
G100000101492,L100000101312,China,https://www.gem.wiki/Shandong_Xinfa_Haoji_power_station,Shandong Xinfa Haoji power station,Phase II Unit 3,,信发信源铝业郝集电厂,Liaocheng Xinyuan Group Co Ltd [100%],Chiping Xinyou Enterprise Management Co Ltd [75.0%]; Dongfang Energy (Hong Kong) International Trading [25.0%],360,operating,2014,,,supercritical,bituminous,,,Haoji Town,Chiping,Liaocheng,Shandong,Eastern Asia,Asia,36.4873847,116.3332415,exact,,,,aluminum,both,,10,0.53,10090.8,94600,1.683425736,30,50.50277207
G100000112806,L100000101313,China,https://www.gem.wiki/Shandong_Xinfa_Huaxin_power_station,Shandong Xinfa Huaxin power station,Unit 1,Chiping Huaxin power station,信发华信铝业发电厂,Shandong XINFA HUAXIN Aluminium Co Ltd [100%],Shandong XINFA HUAXIN Aluminium Co Ltd [100.0%],30,retired,1980,2014,,subcritical,unknown,,,Xinfa Industrial Park,Chiping,Liaocheng,Shandong,Eastern Asia,Asia,36.614428,116.259169,exact,,,,aluminum,,,34,0.53,12617.9,96100,0.178199487,0,0
G100000108989,L100000101386,China,https://www.gem.wiki/Shandong_Xinfa_Huayu_power_station,Shandong Xinfa Huayu power station,Unit 1,Shandong Chiping power station,"信发华宇氧化铝发电厂, 茌平信发华宇氧化铝有限公司自备电厂",Chiping Xinfa Huayu Alumina Co Ltd [100%],Chiping Xinyou Enterprise Management Co Ltd [54.6%]; Dongfang Energy (Hong Kong) International Trading [36.2%]; Shandong XINFA HUAXIN Aluminium Co Ltd [6.8%]; other [2.5%],155,retired,2006,2024,,subcritical,unknown,,,Xinfa Industrial Park,Chiping,Liaocheng,Shandong,Eastern Asia,Asia,36.592069,116.192571,exact,,,,aluminum,both,,18,0.53,11312.6,96100,0.825452797,0,0
G100000112648,L100000101314,China,https://www.gem.wiki/Shandong_Xinfa_Huayuan_power_station,Shandong Xinfa Huayuan power station,Unit 1,Chiping Xinfa power station,信发华源铝业发电厂,Liaocheng Xinyuan Group Co Ltd [100%],Chiping Xinyou Enterprise Management Co Ltd [75.0%]; Dongfang Energy (Hong Kong) International Trading [25.0%],155,retired,2001,2024,,subcritical,unknown,,,Xinfa Industrial Park,Chiping,Liaocheng,Shandong,Eastern Asia,Asia,36.606334,116.220348,exact,,,,aluminum,both,,23,0.53,12182.8,96100,0.888949166,0,0
G100000111202,L100000101429,China,https://www.gem.wiki/Shandong_Xinfa_Xinyuan_power_station,Shandong Xinfa Xinyuan power station,Unit 1,Xinyuan Aluminum power station,"信发茌平信源铝业自备电厂, 信发信源铝业茌平电厂",Liaocheng Xinyuan Group Co Ltd [100%],Chiping Xinyou Enterprise Management Co Ltd [75.0%]; Dongfang Energy (Hong Kong) International Trading [25.0%],660,operating,2015,,,ultra-supercritical,unknown,,,Xinfa Industrial Park,Chiping,Liaocheng,Shandong,Eastern Asia,Asia,36.615532,116.219147,exact,,,,aluminum,power,,9,0.53,8272,96100,2.570115113,31,79.67356852
G100000111111,L100000101427,China,https://www.gem.wiki/Shandong_Xinfa_Xiwang_power_station,Shandong Xinfa Xiwang power station,Unit 1,Xinfa Xiwang power station,"信发希望铝业发电厂, 聊城信源集团有限公司信发茌平信源铝业自备电厂",Chiping Xinfa Huayu Alumina Co Ltd [100%],Chiping Xinyou Enterprise Management Co Ltd [54.6%]; Dongfang Energy (Hong Kong) International Trading [36.2%]; Shandong XINFA HUAXIN Aluminium Co Ltd [6.8%]; other [2.5%],155,retired,2003,2024,,subcritical,unknown,,,Xinfa Industrial Park,Chiping,Liaocheng,Shandong,Eastern Asia,Asia,36.614997,116.219219,exact,,,,aluminum,both,,21,0.53,12182.8,96100,0.888949166,0,0
G100000113053,L100000101394,China,https://www.gem.wiki/Shandong_Xingda_cogen_power_station,Shandong Xingda cogen power station,Unit 1,,山东兴达热电,Shandong Xingda New Energy Co Ltd [100%],China Wanda Group Co Ltd [42.9%]; Dongying Baoda Equity Investment Center LP [23.2%]; other [18.5%]; Dongying Kenli District Finance Development Group Co Ltd [11.0%]; Dongying Baorui Equity Investment Center LP [4.4%],60,operating,2016,,,subcritical,unknown,,,Yong'an Town,Kenli,Dongying,Shandong,Eastern Asia,Asia,37.585827,118.644147,exact,,,,,,,8,0.53,10442.4,96100,0.294950875,32,9.438428015
G100000114032,L100000104502,China,https://www.gem.wiki/Shandong_Xinlai_Soybeans_Biotech_captive_power_station,Shandong Xinlai Soybeans Biotech captive power station,Unit 1,,山东信莱大豆生物科技有限公司自备电厂,Gaotang County Xingke Soy Protein Food Sci. & Tech Co Ltd [100%],Gaotang County Xingke Soy Protein Food Sci. & Tech Co Ltd [100.0%],40,retired,,2018,,subcritical,unknown,,,,Gaotang,Liaocheng,Shandong,Eastern Asia,Asia,36.8658,116.2314,approximate,,,,agriculture,,,20,0.53,12182.8,96100,0.229406236,0,0
G100000114419,L100000104644,China,https://www.gem.wiki/Shandong_Xinlong_Group_cogen_power_station,Shandong Xinlong Group cogen power station,Unit 3,,山东新龙集团热电,Shandong Xinlong Group Co Ltd [100%],natural person(s) [61.8%]; Shouguang Xinlong Investment Co Ltd [23.2%]; other [15.0%],60,operating,,,,unknown,unknown,,,,Shouguang,Weifang,Shandong,Eastern Asia,Asia,37.021679,118.753219,exact,,,,chemicals,both,,20,0.53,12047,96100,0.340273615,20,6.805472299
G100000113731,L100000101395,China,https://www.gem.wiki/Shandong_Yida_cogen_power_station,Shandong Yida cogen power station,Unit 5,,山东易达热电东城供热中心热电联产,Shandong Yida Thermoelectric Technology Co Ltd [100%],natural person(s) [74.3%]; Rizhao Shengyu Economic and Trade Co Ltd [25.7%],40,operating,2020,,,subcritical,unknown,,,Wenshui Town,Pingyi,Linyi,Shandong,Eastern Asia,Asia,35.499915,117.615583,exact,9-Aug-17,9-Aug-17,"Year: 2017, Month: 8, Day: 9",,,,4,0.53,10442.4,96100,0.196633917,36,7.078821011
G100000114427,L100000104648,China,https://www.gem.wiki/Shandong_Yucheng_Xinyuan_cogen_power_station,Shandong Yucheng Xinyuan cogen power station,Unit 4,,山东禹城新园热电,Shandong Yucheng Xinyuan Thermal Power Co Ltd [100%],Tongyu Heavy Industy Co Ltd [90.0%]; Yucheng State Owned Assets Operation and Management Group Co Ltd [10.0%],30,operating,,,,unknown,unknown,,,,Yucheng,Dezhou,Shandong,Eastern Asia,Asia,36.931871,116.671945,exact,,,,,,,20,0.53,12047,96100,0.170136807,20,3.40273615
G100000115190,L100000104864,China,https://www.gem.wiki/Shandong_Yulong_Petrochemical_power_station,Shandong Yulong Petrochemical power station,Unit 1,裕龙岛炼化一体化项目自备发电厂,山东裕龙石化自备电厂,Shandong Yulong Petrochemical Co Ltd [100%],Nanshan Group Co Ltd [51.0%]; Shandong Energy Group Co Ltd [32.3%]; Shandong Guohui Investment Co Ltd [9.2%]; Shandong Caixin Asset Operation Co Ltd [4.6%]; other [2.9%],60,construction,,,,subcritical,unknown,,,,Longkou,Yantai,Shandong,Eastern Asia,Asia,37.596435,120.24623,exact,,,,chemicals,both,heat,0,0.53,10442.4,96100,0.294950875,40,11.79803502
G100000109007,L100000101396,China,https://www.gem.wiki/Shandong_Zhongtai_power_station,Shandong Zhongtai power station,Unit 1,,华能众泰电厂,Huaneng Shandong Power Generation Co Ltd Zhongtai Power Plant [100%],Huaneng Power International Inc [80.0%]; China Huaneng Group Co Ltd [20.0%],150,operating,2007,,,subcritical,waste coal,,,2 Xinjian Second Road,Xintai,Tai'an,Shandong,Eastern Asia,Asia,35.8581282,117.6958357,exact,,,,,,,17,0.53,11312.6,94600,0.786356631,23,18.08620251
G100000109115,L100000101397,China,https://www.gem.wiki/Shengli_Dongying_power_station,Shengli Dongying power station,Phase III Unit 5,"国家能源集团胜利三期, 中石化国电胜利东营热电 (Phase III Unit 5&6), 中石化胜利油田自备电厂 (Phase I Unit 1&2, Phase II Unit 3& 4)",中石化胜利东营电厂,Shengli Guodian (Dongying) Thermalpower Co Ltd [100%],China Petrochemical Corp [51.0%]; GD POWER Development Co Ltd [49.0%],660,operating,2015,,,supercritical,bituminous,,,1502 Nan'er Road Wanquan Village,Dongying District,Dongying,Shandong,Eastern Asia,Asia,37.400318,118.5242522,exact,28-May-12,28-May-12,"Year: 2012, Month: 5, Day: 28",oil & refining,both,heat,9,0.53,8409,94600,2.571900429,31,79.72891331
G100000112880,L100000101398,China,https://www.gem.wiki/Shifeng_power_station,Shifeng power station,Unit 3,,山东时风集团热电中心,Thermal Power Branch of Shandong Shifeng (Group) Co Ltd [100%],Gaotang Agricultural Vehicle Factory [70.0%]; Shandong Shifeng (GROUP) Co Ltd [30.0%],50,operating,2005,,,unknown,unknown,,,,Gaotang,Liaocheng,Shandong,Eastern Asia,Asia,36.85,116.266667,approximate,,,,machinery,both,,19,0.53,11186.5,96100,0.263306964,21,5.529446243
G100000109243,L100000101399,China,https://www.gem.wiki/Shiheng-2_power_station,Shiheng-2 power station,Unit 1,,国电石横发电厂,Shandong Zhonghua Power Generation Co Ltd Shiheng Power Plant [100%],China Energy Investment Corp [51.0%]; China Power Investment Co Ltd [29.4%]; EDF International SAS [19.6%],315,operating,1987,,,subcritical,bituminous,,,Shiheng,Feicheng,Tai'an,Shandong,Eastern Asia,Asia,36.2123187,116.5136301,exact,,,,,,,37,0.53,11747.7,94600,1.714862345,3,5.144587035
G100000104124,L100000101341,China,https://www.gem.wiki/Shiliquan_power_station,Shiliquan power station,Phase III Unit 5,"华电十里泉发电公司上大压小项目 (Unit 8, Unit 9)",华电国际十里泉发电厂,Huadian International Power Co Ltd Shiliquan Power Plant [100%],Huadian Power International Co Ltd [100.0%],140,operating,1983,,,subcritical,bituminous,,,143 Jiefang Road,Shizhong,Zaozhuang,Shandong,Eastern Asia,Asia,34.814444,117.573056,exact,,,,,,,41,0.53,12617.9,94600,0.818617416,5,4.093087078
G100000114033,L100000104503,China,https://www.gem.wiki/Shouguang_Jintaiyang_cogen_power_station,Shouguang Jintaiyang cogen power station,Unit 10,,寿光金太阳热电,Shouguang Golden Sun Thermal Power Co Ltd [100%],Shandong Yiding Energy Co Ltd [57.3%]; Shouguang Zhongkai Industrial Technology Center LP [19.1%]; Dadi Chemical [18.6%]; Jiangxi Tonghe Jiali Technology Co Ltd [5.0%],135,operating,,,,unknown,unknown,,,Hou Town,Shouguang,Weifang,Shandong,Eastern Asia,Asia,37.031944,119.03853,exact,,,,,,,20,0.53,12047,96100,0.765615634,20,15.31231267
G100000112883,L100000101400,China,https://www.gem.wiki/Shouguang_Jvneng_cogen_power_station,Shouguang Jvneng cogen power station,Unit 1,,山东寿光巨能热电,Shandong Shouguang Juneng Thermoelectricity Development Co Ltd [100%],natural person(s) [82.0%]; other [17.0%]; Shouguang Kexiao Economic and Trade Co Ltd [0.5%]; Shouguang Lanyue Economic and Trade Co Ltd [0.5%],155,operating,2006,,,unknown,unknown,,,1199 Xinxing Street,Shouguang,Weifang,Shandong,Eastern Asia,Asia,36.942693,118.780759,exact,,,,,,,18,0.53,11186.5,96100,0.816251588,22,17.95753494
G100000109812,L100000101401,China,https://www.gem.wiki/Tai'an_Lubang_power_station,Tai'an Lubang power station,Unit 1,,泰安鲁邦大河发电厂,Tai'an Lubang Dahe Thermal Power Co Ltd [100%],Taian Taishan Finance Investment Group Co Ltd [100.0%],50,operating,2003,,,subcritical,unknown,,,Sijiazhuang,Xintai,Tai'an,Shandong,Eastern Asia,Asia,36.195429,117.053746,exact,,,,,,,21,0.53,12182.8,96100,0.286757796,19,5.448398116
G100000115600,L100000104940,China,https://www.gem.wiki/Tai%27an_West_power_station,Tai'an West power station,Unit 1,,泰安市城区西部热源PPP项目,Taian Hehai Thermal Power Co Ltd [100%],Jiangsu Hehai New Energy Co Ltd [51.0%]; Wanhua Chemical Group Co Ltd [25.5%]; Taian Taishan Finance Investment Group Co Ltd [15.0%]; Changzhou Carbon Finance Venture Capital Partnership LP [4.2%]; Changzhou Huawei Venture Capital Partnership LP [4.2%],50,operating,2022,,,CFB,unknown,,,,Yuedai District,Tai'an,Shandong,Eastern Asia,Asia,36.194722,116.961737,exact,,,,,,,2,0.53,10442.4,96100,0.245792396,38,9.340111056
G100000113732,L100000101402,China,https://www.gem.wiki/Taishan_gypsum_cogen_power_station,Taishan gypsum cogen power station,Unit 1,,泰山石膏热电,Taishan Gypsum Co Ltd [100%],Beijing New Building Materials Public Limited Co [100.0%],50,operating,2020,,,subcritical,unknown,,,Dawenkou Town,Daiyue District,Tai'an,Shandong,Eastern Asia,Asia,35.997847,117.084111,exact,,,,pulp & paper,both,heat,4,0.53,10442.4,96100,0.245792396,36,8.848526264
G100000115288,L100000101403,China,https://www.gem.wiki/Taiyang_Mill_power_station,Taiyang Mill power station,Unit 04,,山东太阳纸业热电厂,Shandong SUN Paper Co Ltd [100%],Shandong SUN Paper Co Ltd [100.0%],150,operating,2008,,,subcritical,waste coal,,,17 Yanwuting St,Yanzhou District,Jining,Shandong,Eastern Asia,Asia,35.534527,116.798252,exact,,,,pulp & paper,both,,16,0.53,11312.6,94600,0.786356631,24,18.87255914
G100000112893,L100000101404,China,https://www.gem.wiki/Tengzhou_Fuyuan_cogen_power_station,Tengzhou Fuyuan cogen power station,New Unit 1,"枣矿田陈富源煤矸石综合利用发电项目 (New Unit 1, New Unit 2)",枣矿滕州富源低热值燃料热电厂,Tengzhou Fuyuan Low Calorific Value Fuel Thermal Power Co Ltd [100%],Shandong Energy Group Co Ltd [60.4%]; Shandong Guohui Investment Co Ltd [17.3%]; Shandong Luxin Investment Holdings Group Co Ltd [12.4%]; Shandong Caixin Asset Operation Co Ltd [9.9%],350,operating,2022,,,supercritical,waste coal,,,Zhangwang Town,Tengzhou,Zaozhuang,Shandong,Eastern Asia,Asia,34.938912,117.108711,exact,28-Apr-17,28-Apr-17,"Year: 2017, Month: 4, Day: 28",,,,2,0.53,9249.9,94600,1.50027525,38,57.01045952
G100000110002,L100000101405,China,https://www.gem.wiki/Tengzhou_Xinyuan_power_station,Tengzhou Xinyuan power station,Phase II Unit 3,"华电国际滕州新源热电三期项目 (Phase III Unit 5, Phase III Unit 6)",华电国际滕州新源热电,Huadian Tengzhou Xinyuan Thermoelectricity Co Ltd [100%],Huadian Power International Co Ltd [93.3%]; Shandong Tengfa Investment Holding Co Ltd [2.4%]; Agricultural Development Bank of China [1.9%]; other [1.0%]; Shandong Tengzhou Chenlong Energy Group Co Ltd [0.7%]; Legend Holdings Corp [0.5%]; Tengzhou Guozhuang Coal Mine Employee Stock Ownership Association [0.1%]; Shandong Caixin Asset Operation Co Ltd [0.1%]; Tengzhou Jinda Coal Co Ltd Trade Union Committee [0.1%]; Beijing Lianhongbing Investment Management Center LP [0.1%],350,operating,2006,,,subcritical,bituminous,,,Jinghe Road,Tengzhou,Zaozhuang,Shandong,Eastern Asia,Asia,35.068056,117.120833,exact,,,,,,,18,0.53,10442.4,94600,1.693691205,22,37.26120651
G100000112672,L100000101406,China,https://www.gem.wiki/Tianyuan_Shandong_power_station,Tianyuan Shandong power station,Unit 08,,山东博汇天源热电厂,Shandong Tianyuan Thermoelectrcity Co Ltd [100%],Fulong Investment Group [75.0%]; WELL CROWN INTERNATIONAL GROUP LIMITED [25.0%],50,retired,,2014,,subcritical,unknown,,,Maqiao Town,Huantai,Zibo,Shandong,Eastern Asia,Asia,37.052954,117.8763615,exact,,,,pulp & paper,both,,20,0.53,12182.8,96100,0.286757796,0,0
G100001000954,L100000101407,China,https://www.gem.wiki/Tuenmunwu_power_station,Tuenmunwu power station,Unit 1,,里能集团武所屯生建发电厂,Shandong Shengjian Power Generation Co Ltd [100%],Shandong Shengjian Power Generation Co Ltd [100.0%],66,retired,,2007,,subcritical,waste coal,,,Jiangtun Town,Tengzhou,Zaozhuang,Shandong,Eastern Asia,Asia,35.084,117.164,approximate,,,,,,,20,0.53,12182.8,94600,0.372612065,0,0
G100000112885,L100000104430,China,https://www.gem.wiki/Wanjie_Gaoke_Boshan_cogen_power_station,Wanjie Gaoke Boshan cogen power station,Unit 1,,山东万杰高科博山热电厂,Lushang Freda Pharmaceutical Co Ltd [100%],Lushang Freda Pharmaceutical Co Ltd [100.0%],35,retired,2000,2020,,unknown,unknown,,,60 Tumentou Road,Boshan District,Zibo,Shandong,Eastern Asia,Asia,36.474507,117.843467,exact,,,,machinery,both,,20,0.53,12047,96100,0.198492942,0,0
G100000114468,L100000104664,China,https://www.gem.wiki/Wanren_Gaomi_Chengnan_cogen_power_station,Wanren Gaomi Chengnan cogen power station,Unit 1,孚日万仁热电城南有限公司,高密万仁热电公司城南热电厂,Gaomi Wanren Thermal Power Co Ltd [100%],Sunvim Group Co Ltd [100.0%],30,operating,,,,unknown,unknown,,,,Gaomi,Weifang,Shandong,Eastern Asia,Asia,36.348904,119.773858,exact,,,,,,,20,0.53,12047,96100,0.170136807,20,3.40273615
G100000114458,L100000104658,China,https://www.gem.wiki/Weifang_Binheng_cogen_power_station,Weifang Binheng cogen power station,Unit 1,,潍坊滨恒热电,Weifang Binheng Thermal Power Co Ltd [100%],"China National Machinery Industry Corp [60.0%]; other [7.6%]; Institute of Chemistry, Chinese Academy of Sciences [7.0%]; Shandong ICCAS-Henglian Biobased Materials Co Ltd [7.0%]; Shandong Henglian New MATERIALS Co Ltd [6.9%]; Weifang Shengfu Investment Partnership LP [3.3%]; Weifang Ruixin Investment Partnership LP [3.2%]; Weifang Ruiying Investment Partnership LP [2.6%]; Shenzhen Qianhai Cairns Investment Management Co Ltd [1.2%]; Shandong Duoying Energy Conservation and Environment Protection Venture Capital Co Ltd [0.6%]; Shandong Luxin Investment Holdings Group Co Ltd [0.2%]; Weifang Municipal Government Investment and Financing Management Center [0.2%]; Shenzhen Xinhaitai Investment Consulting Co Ltd [0.0%]; China Electronics Corp [0.0%]; Weifang Financial Holding Group [0.0%]; Shandong Caixin Asset Operation Co Ltd [0.0%]; China Electronics Technology Group Corp [0.0%]; Guangzhou Radio Group Co Ltd [0.0%]; Shenzhen Weizhuo Investment Management Co Ltd [0.0%]; Yunnan NANTIAN Electronics INFORMATION Co Ltd [0.0%]; Qingdao Huatong Sate-owned Capital Operations (Group) Co Ltd [0.0%]; China Electronics Information Industry Development Research Institute [0.0%]; China Software Evaluation Center (Software and Integrated Circuit Promotion Center of the Ministry of Industry and Information Technology) [0.0%]; Nanjing Xingong Investment Group Co Ltd [0.0%]; China Mobile Communications Group Co Ltd [0.0%]",30,operating,2021,,,unknown,unknown,,,,Hanting,Yantai,Shandong,Eastern Asia,Asia,36.9891653,119.2278569,exact,,,,,,,3,0.53,10326,96100,0.145831549,37,5.395767323
G100000115200,L100000104865,China,https://www.gem.wiki/Weifang_Huawei_cogen_power_station,Weifang Huawei cogen power station,Unit 1,,潍坊华潍热电,Weifang Huawei Thermal Power Co Ltd [100%],China Energy Conservation and Environmental Protection Group Co Ltd [85.7%]; Weifang Huawei Power Group Co Ltd [12.7%]; other [1.6%],35,retired,,2019,,unknown,unknown,,,Yuqing East Street,Xincheng Community,Weifang,Shandong,Eastern Asia,Asia,36.723806,119.202145,exact,,,,,,,20,0.53,12047,96100,0.198492942,0,0
G100000114388,L100000104635,China,https://www.gem.wiki/Weihai_Botong_cogen_power_station,Weihai Botong cogen power station,Unit 1,,威海博通热电,Weihai Botong Thermal Power Co Ltd [100%],Weihai Industrial Investment Group Co Ltd [84.2%]; Weihai Botong Thermal Power Co Ltd employee stock ownership meeting [8.4%]; Agricultural Development Bank of China [5.4%]; other [2.0%],30,operating,,,,unknown,unknown,,,221 Qingdao South Road,,Weihai,Shandong,Eastern Asia,Asia,37.399179,122.158145,exact,,,,,,,20,0.53,12047,96100,0.170136807,20,3.40273615
G100000115695,L100000104987,China,https://www.gem.wiki/Weihai_Chucun_cogen_power_station,Weihai Chucun cogen power station,Unit 1,威海热电集团科技新城供热站热电联产扩建项目 (Unit 4),威海热电集团初村热电,Chucun Thermal Power Branch of Weihai Thermal Power Group Co Ltd [100%],Weihai Industrial Investment Group Co Ltd [94.0%]; Agricultural Development Bank of China [6.0%],40,operating,,,,unknown,unknown,,,,Chucun Town,Weihai,Shandong,Eastern Asia,Asia,37.389652,121.925363,exact,,,,,,,20,0.53,12047,96100,0.226849077,20,4.536981533
G100000114394,L100000101408,China,https://www.gem.wiki/Weihai_cogen_power_station,Weihai cogen power station,Unit 10,,威海热电厂,Weihai Thermal Power Group Co Ltd Urban Thermal Power Branch [100%],Weihai Industrial Investment Group Co Ltd [94.0%]; Agricultural Development Bank of China [6.0%],40,operating,,,,unknown,unknown,,,158 W Guzhai Road,Huancui District,Weihai,Shandong,Eastern Asia,Asia,37.512521,122.079171,exact,,,,,,,20,0.53,12047,96100,0.226849077,20,4.536981533
G100000110768,L100000101409,China,https://www.gem.wiki/Weihai_power_station,Weihai power station,Phase III Unit 1,,华能威海发电厂,Huaneng Weihai Power Generation Co Ltd [100%],Huaneng Power International Inc [60.0%]; Weihai Industrial Investment Group Co Ltd [40.0%],680,operating,2010,,,ultra-supercritical,bituminous,,,Haibu Village,Huancui District,Weihai,Shandong,Eastern Asia,Asia,37.44899,122.20724,exact,12-Dec,12-Dec,"Year: 2012, Month: 12",,,,14,0.53,9099.2,94600,2.867332033,26,74.55063286
G100000114392,L100000104636,China,https://www.gem.wiki/Weihai_Wendeng_cogen_power_station,Weihai Wendeng cogen power station,Unit 1,,威海文登热电厂,Weihai Wendeng Thermal Power Plant Co Ltd [100%],Weihai Industrial Investment Group Co Ltd [94.0%]; Agricultural Development Bank of China [6.0%],35,operating,,,,unknown,unknown,,,,Wendeng,Weihai,Shandong,Eastern Asia,Asia,37.17459,122.076619,exact,,,,,,,20,0.53,12047,96100,0.198492942,20,3.969858841
G100000114401,L100000104637,China,https://www.gem.wiki/Weihai_Xijiao_cogen_power_station,Weihai Xijiao cogen power station,Unit 5,,威海西郊热电厂,Shandong Weihai Xijiao Thermoelectricity Co Ltd [100%],Shandong Weiqiao Investment Holding Co Ltd [31.2%]; Shandong Weiqiao Pioneering Group Co Ltd [30.0%]; Binzhou Hanchuang Technology Development Partnership LP [20.0%]; other [18.8%],30,operating,,,,unknown,unknown,,,88 Huancui Road,Huancui,Weihai,Shandong,Eastern Asia,Asia,37.173544,121.998484,exact,,,,,,,20,0.53,12047,96100,0.170136807,20,3.40273615
G100000110794,L100000101411,China,https://www.gem.wiki/Weiqiao_Aluminum_power_station,Weiqiao Aluminum power station,Phase II Unit 5,"魏桥集团邹平滨藤纺织热电厂, Weiqiao Zouping-6 power station, 铝电公司热电厂技改工程一期 (Phase I Unit 1, Phase I Unit 2, Phase I Unit 3, Phase I Unit 4), 铝电公司热电厂技改工程二期 (Phase II Unit 5, Phase II Unit 6, Phase II Unit 7, Phase II Unit 8)",魏桥集团邹平六电,Shandong Guoxu New Energy Co Ltd [100%],Binzhou Wenxian Huaxin Enterprise Management Partnership LP [99.0%]; other [1.0%],330,operating,2015,,,subcritical,unknown,,,Economy Development District,Zouping,Binzhou,Shandong,Eastern Asia,Asia,36.8978809,117.7844238,exact,,,,aluminum,both,both,9,0.53,9572.2,96100,1.487043997,31,46.09836391
G100000100903,L100000101414,China,https://www.gem.wiki/Weiqiao_Binzhou_Public_Heating_power_station,Weiqiao Binzhou Public Heating power station,Unit 1,,魏桥集团滨州公共供热中心,Binzhou Lvdong Thermal Power Co Ltd [100%],Hongqiao Investment (Hong Kong) [94.5%]; other [5.5%],330,operating,2013,,,subcritical,unknown,,,Liujiaji,High Tech Development District,Binzhou,Shandong,Eastern Asia,Asia,37.3449314,117.891326,exact,,,,aluminum,both,,11,0.53,10442.4,96100,1.622229815,29,47.04466464
G100000110822,L100000101415,China,https://www.gem.wiki/Weiqiao_Huji_power_station,Weiqiao Huji power station,Phase II Unit 5,魏桥第四热电厂,魏桥集团惠民胡集自备电厂,Binzhou Green Energy Thermal Power Co Ltd [100%],Hongqiao Investment (Hong Kong) [94.5%]; other [5.5%],330,operating,2016,,,subcritical,unknown,,,Huji Town,Huimin,Binzhou,Shandong,Eastern Asia,Asia,37.3594471,117.7770746,exact,,,,aluminum,both,both,8,0.53,9572.2,96100,1.487043997,32,47.58540791
G100000110826,L100000101416,China,https://www.gem.wiki/Weiqiao_Town_Public_Heating_power_station,Weiqiao Town Public Heating power station,Unit 1,魏桥一电一期,魏桥集团邹平县魏桥镇公共供热中心,Zouping Hongli Thermal Power Co Ltd [100%],Hongqiao Investment (Hong Kong) [94.5%]; other [5.5%],330,operating,2013,,,subcritical,unknown,,,Weiqiao Town,Zouping,Binzhou,Shandong,Eastern Asia,Asia,37.0248951,117.4839735,exact,,,,aluminum,both,both,11,0.53,10442.4,96100,1.622229815,29,47.04466464
G100000113611,L100000101417,China,https://www.gem.wiki/Weiqiao_Town_Textile_cogen_power_station,Weiqiao Town Textile cogen power station,Unit 1,,魏桥集团魏桥纺织股份有限公司热电厂,Shandong Weiqiao Pioneering Group Co Ltd [100%],Shandong Weiqiao Investment Holding Co Ltd [31.2%]; natural person(s) [30.0%]; Binzhou Hanchuang Technology Development Partnership LP [20.0%]; other [18.8%],30,retired,,2015,,subcritical,unknown,,,Weiqiao Town,Zouping,Binzhou,Shandong,Eastern Asia,Asia,37.024316,117.472893,exact,,,,aluminum,,,20,0.53,12182.8,96100,0.172054677,0,0
G100000110830,L100000101418,China,https://www.gem.wiki/Weiqiao_Yangxin_power_station,Weiqiao Yangxin power station,Unit 5-1,热电五分公司,魏桥集团阳信县公共供热中心,Binzhou LvTong Thermal Power Co Ltd [100%],Hongqiao Investment (Hong Kong) [94.5%]; other [5.5%],330,operating,2015,,,subcritical,unknown,,,Heliu Town,Yangxin,Binzhou,Shandong,Eastern Asia,Asia,37.576549,117.599279,exact,,,,aluminum,both,both,9,0.53,9572.2,96100,1.487043997,31,46.09836391
G100000110834,L100000101419,China,https://www.gem.wiki/Weiqiao_Zhanhua_power_station,Weiqiao Zhanhua power station,Unit 1,,魏桥集团沾化热电,Binzhou Zhanhua Huihong New Material Co Ltd [100%],Hongqiao Investment (Hong Kong) [94.5%]; other [5.5%],350,operating,,,,subcritical,unknown,,,Binhai Town,Zhanhua,Binzhou,Shandong,Eastern Asia,Asia,38.005274,117.975833,exact,,,,aluminum,both,both,20,0.53,11312.6,96100,1.863925671,20,37.27851343
G100000110838,L100000101420,China,https://www.gem.wiki/Weiqiao_Zouping-1_power_station,Weiqiao Zouping-1 power station,Unit 1,,魏桥集团邹平新一电,Zouping Binneng Energy Technology Co Ltd [100%],Binzhou Wenxian Huaxin Enterprise Management Partnership LP [45.4%]; Hongqiao Investment (Hong Kong) [35.4%]; Binzhou Jiahong Industrial Investment Partnership LP [16.7%]; other [2.5%],660,operating,2016,,,ultra-supercritical,unknown,,,Economy Development District,Zouping,Binzhou,Shandong,Eastern Asia,Asia,36.9106725,117.7853572,exact,,,,aluminum,both,both,8,0.53,8272,96100,2.570115113,32,82.24368363
G100000113617,L100000101421,China,https://www.gem.wiki/Weiqiao_Zouping-2_power_station,Weiqiao Zouping-2 power station,Unit 1,,魏桥集团邹平二电,Shandong Weiqiao Pioneering Group Co Ltd [100%],Shandong Weiqiao Investment Holding Co Ltd [31.2%]; natural person(s) [30.0%]; Binzhou Hanchuang Technology Development Partnership LP [20.0%]; other [18.8%],30,retired,,2015,,subcritical,anthracite,,,Economy Development District,Zouping,Binzhou,Shandong,Eastern Asia,Asia,36.893131,117.775901,exact,,,,aluminum,,,20,0.53,12182.8,98300,0.175993494,0,0
G100000113645,L100000101422,China,https://www.gem.wiki/Weiqiao_Zouping-3_power_station,Weiqiao Zouping-3 power station,Phase II Unit 5,,魏桥集团邹平三电,Zouping Hongxu Thermal Power Co Ltd [100%],Hongqiao Investment (Hong Kong) [94.5%]; other [5.5%],150,retired,2008,2020,,subcritical,anthracite,,,Economy Development District,Zouping,Binzhou,Shandong,Eastern Asia,Asia,36.907696,117.774091,exact,,,,aluminum,,,12,0.53,11312.6,98300,0.817112651,0,0
G100000113625,L100000101423,China,https://www.gem.wiki/Weiqiao_Zouping-4_power_station,Weiqiao Zouping-4 power station,Unit 1,Weiqiao Binteng Textile power station,魏桥集团邹平四电,Shandong Weiqiao Pioneering Group Co Ltd [100%],Shandong Weiqiao Investment Holding Co Ltd [31.2%]; natural person(s) [30.0%]; Binzhou Hanchuang Technology Development Partnership LP [20.0%]; other [18.8%],60,retired,2004,2016,,subcritical,unknown,,,Economy Development District,Zouping,Binzhou,Shandong,Eastern Asia,Asia,36.910672,117.785357,exact,,,,aluminum,,,12,0.53,11312.6,96100,0.319530115,0,0
G100000113633,L100000101424,China,https://www.gem.wiki/Weiqiao_Zouping-5_power_station,Weiqiao Zouping-5 power station,Unit 1,,魏桥集团邹平五电,Shandong Weiqiao Pioneering Group Co Ltd [100%],Shandong Weiqiao Investment Holding Co Ltd [31.2%]; natural person(s) [30.0%]; Binzhou Hanchuang Technology Development Partnership LP [20.0%]; other [18.8%],60,retired,2004,2016,,subcritical,unknown,,,Economy Development District,Zouping,Binzhou,Shandong,Eastern Asia,Asia,36.913539,117.774792,exact,,,,aluminum,,,12,0.53,11312.6,96100,0.319530115,0,0
G100000110814,L100000101425,China,https://www.gem.wiki/Weiqiao_Zouping-7_power_station,Weiqiao Zouping-7 power station,Phase II Unit 5,长山热电厂,魏桥集团邹平七电,Zouping Huineng Thermal Power Co Ltd [100%],other [48.5%]; Shandong Weiqiao Investment Holding Co Ltd [19.8%]; Shandong Weiqiao Pioneering Group Co Ltd [19.0%]; Binzhou Hanchuang Technology Development Partnership LP [12.7%],330,operating,2014,,,subcritical,unknown,,,Changshan Town,Zouping,Binzhou,Shandong,Eastern Asia,Asia,36.896297,117.860459,exact,,,,aluminum,both,both,10,0.53,10442.4,96100,1.622229815,30,48.66689445
G100000114879,L100000104766,China,https://www.gem.wiki/Wudi_Zhongcheng_Lubei_cogen_power_station,Wudi Zhongcheng Lubei cogen power station,Unit 2,,无棣众诚供热鲁北热电,Wudi Zhongcheng Heating Co Ltd [100%],Wudi Xinyue Chemical Group Co Ltd [100.0%],50,retired,,2023,,unknown,unknown,,,,Wudi,Binzhou,Shandong,Eastern Asia,Asia,38.091941,117.762002,exact,,,,,,,20,0.53,12047,96100,0.283561346,0,0
G100000114435,L100000104650,China,https://www.gem.wiki/Wudi_Zhongcheng_Sanyue_cogen_power_station,Wudi Zhongcheng Sanyue cogen power station,Unit 1,,无棣众诚供热三岳热电,Wudi Zhongcheng Heating Co Ltd [100%],Wudi Xinyue Chemical Group Co Ltd [100.0%],30,retired,,2023,,unknown,unknown,,,,Wudi,Binzhou,Shandong,Eastern Asia,Asia,38.099627,117.76159,exact,,,,,,,20,0.53,12047,96100,0.170136807,0,0
G100000114437,L100000104651,China,https://www.gem.wiki/Wudi_Zhongcheng_Xinyue_cogen_power_station,Wudi Zhongcheng Xinyue cogen power station,Unit 1,,无棣众诚供热鑫岳热电,Wudi Zhongcheng Heating Co Ltd [100%],Wudi Xinyue Chemical Group Co Ltd [100.0%],60,operating,2019,,,unknown,unknown,,,,Wudi,Binzhou,Shandong,Eastern Asia,Asia,38.097811,117.764709,exact,,,,,,,5,0.53,10326,96100,0.291663099,35,10.20820845
G100000111107,L100000101426,China,https://www.gem.wiki/Xindian_power_station,Xindian power station,Unit 3,,华能辛店电厂,Huaneng Xindian Power Generation Co Ltd [100%],Huaneng Power International Inc [95.0%]; Zibo Linzi Jiuhe Finance Holding Co Ltd [5.0%],225,retired,1977,2010,,subcritical,bituminous,,,369 Yixi Road,Linzi,Zibo,Shandong,Eastern Asia,Asia,36.7822256,118.2352687,exact,,,,,,,33,0.53,12617.9,94600,1.315635132,0,0
G100000115956,L100000105029,China,https://www.gem.wiki/Xintai_power_station,Xintai power station,Unit 1,,山东能源新泰燃煤发电厂,Shandong Energy Power Group Xintai Power Generation Co Ltd [100%],Shandong Energy Power Group Xintai Power Generation Co Ltd [100.0%],600,construction,2025,,,ultra-supercritical,unknown,,,Dongdu Town,Xintai,Tai'an,Shandong,Eastern Asia,Asia,35.820423,117.758761,approximate,2023,2023,Year: 2023,,,,0,0.53,8272,96100,2.336468285,40,93.4587314
G100000115277,L100000104891,China,https://www.gem.wiki/Xinwen_Peak_cogen_power_station,Xinwen Peak cogen power station,Unit 1,,泰安新汶顶峰热电,Taian Xinwen Peak Heat and Power Co Ltd [100%],Labor Union Committee of Xinwen Mining Group Materials Supply and Marketing Co Ltd [57.0%]; Xinwen Mining Group Co Ltd Zhai Town Coal Mine Trade Union Committee [16.4%]; Shandong Energy Group Co Ltd [14.6%]; Xinwen Mining Group Co Ltd Sun Village Coal Mine Trade Union Committee [5.7%]; Shandong Guohui Investment Co Ltd [4.2%]; Shandong Caixin Asset Operation Co Ltd [2.1%],30,operating,2002,,,unknown,unknown,,,Xinwen,Xintai,Tai'an,Shandong,Eastern Asia,Asia,35.8676244,117.7032642,exact,,,,,,,22,0.53,12047,96100,0.170136807,18,3.062462535
G100000113876,L100000104423,China,https://www.gem.wiki/Yanggu_cogen_power_station,Yanggu cogen power station,Unit 1,,阳谷热电厂,Shandong Xiangguang Group Co Ltd [100%],Xinfengxiang Holding Group Co Ltd [100.0%],60,retired,,2014,,subcritical,unknown,,,Yanlou Town,Yanggu,Liaocheng,Shandong,Eastern Asia,Asia,36.159592,115.854681,exact,,,,pulp & paper,,,20,0.53,12182.8,96100,0.344109355,0,0
G100000114464,L100000104662,China,https://www.gem.wiki/Yanggu_Senquan_cogen_power_station,Yanggu Senquan cogen power station,Unit 1,,阳谷森泉热电,Yanggu Senquan Thermoelectricity Co Ltd [100%],Shandong Goldencailun Paper Co Ltd [90.0%]; natural person(s) [10.0%],30,operating,,,,unknown,unknown,,,,Yanggu,Liaocheng,Shandong,Eastern Asia,Asia,36.122939,115.756083,exact,,,,pulp & paper,both,,20,0.53,12047,96100,0.170136807,20,3.40273615
G100000114385,L100000104633,China,https://www.gem.wiki/Yankuang_Group_Lunan_Chemical_captive_power_station,Yankuang Group Lunan Chemical captive power station,Unit 2,,兖矿集团鲁南化工自备电厂,Yankuang Lunan Chemicals Co Ltd [100%],Yankuang Energy Group Co Ltd [100.0%],40,operating,,,,unknown,unknown,,,Mushi Town,Tengzhou,Zaozhuang,Shandong,Eastern Asia,Asia,34.994943,117.269222,exact,,,,chemicals,both,,20,0.53,12047,96100,0.226849077,20,4.536981533
G100000114460,L100000104659,China,https://www.gem.wiki/Yantai_Dongyuan_cogen_power_station,Yantai Dongyuan cogen power station,Unit 1,,烟台东源热电,Yantai Dongyuan Thermoelectricity Co Ltd [100%],Zhaoyuan Xinmao Mining Machinery Co Ltd [100.0%],30,operating,,,,unknown,unknown,,,,Qixia,Yantai,Shandong,Eastern Asia,Asia,37.476405,121.031579,exact,,,,,,,20,0.53,12047,96100,0.170136807,20,3.40273615
G100000113278,L100000101430,China,https://www.gem.wiki/Yantai_Wanhua_Chlor-alkali_cogen_power_station,Yantai Wanhua Chlor-alkali cogen power station,Unit 3,,万华化学(烟台)氯碱热电,Wanhua CHEMICAL(Yantai) CHLOR-ALKALI Thermal POWER Co Ltd [100%],Wanhua Chemical Group Co Ltd [68.0%]; Trade Union Committee of Yantai Wanhua Chlor-Alkali Co Ltd [17.5%]; other [10.5%]; Yantai Wanhua CHLOR-ALKALI Co Ltd [4.0%],50,operating,2023,,,subcritical,unknown,,,59 Chongqing Road,Fushan,Yantai,Shandong,Eastern Asia,Asia,37.695885,121.062718,exact,,,,chemicals,both,,1,0.53,10442.4,96100,0.245792396,39,9.585903453
G100000112660,L100000101431,China,https://www.gem.wiki/Yanzhou_Mine_Jisan_power_station,Yanzhou Mine Jisan power station,Unit 1,,兖矿集团济三电力发电厂,Shandong Yankuang Jisan Electric Power Co Ltd [100%],Yankuang Energy Group Co Ltd [99.0%]; other [1.0%],135,operating,2006,,,subcritical,waste coal,,,Shiqiao,Yanzhou District,Jining,Shandong,Eastern Asia,Asia,35.268286,116.659782,exact,,,,,,,18,0.53,11312.6,94600,0.707720968,22,15.56986129
G100000115689,L100000104961,China,https://www.gem.wiki/Yanzhou_Yinhe_power_station,Yanzhou Yinhe power station,Unit 4,,兖州市银河电力有限公司发电厂,Yanzhou Yinhe Electric POWER Co Ltd [100%],natural person(s) [66.8%]; Hixih Rubber Industrial Group Co Ltd [33.2%],50,operating,2014,,,CFB,unknown,,,,Yanzhou,Jining,Shandong,Eastern Asia,Asia,35.501503,116.785399,exact,,,,,,,10,0.53,11312.6,96100,0.266275096,30,7.988252877
G100000113280,L100000101432,China,https://www.gem.wiki/Yellow_River_Delta_power_station,Yellow River Delta power station,Unit 1,滨州市东郊公共供热中心,滨化集团黄河三角洲滨州热电,Huanghe Sanjiaozhou (Binzhou) Thermal Power Co Ltd [100%],other [68.1%]; China Development Bank Corp [21.8%]; Binzhou Heyi Industrial Investment Partnership LP [5.5%]; Befar Group Co Ltd [4.6%],50,operating,2018,,,subcritical,unknown,,,Huanghe East Road,Bincheng District,Binzhou,Shandong,Eastern Asia,Asia,37.37808,118.079077,exact,,,,aluminum,both,heat,6,0.53,10442.4,96100,0.245792396,34,8.356941472
G100000114450,L100000104654,China,https://www.gem.wiki/Yishui_County_cogen_power_station,Yishui County cogen power station,Unit 5,,沂水县热电,Yishui Thermoelectric Co Ltd [100%],Shandong Fiberglass Group Co Ltd [100.0%],30,operating,,,,unknown,unknown,,,,Yishui,Linyi,Shandong,Eastern Asia,Asia,35.759201,118.611853,exact,,,,,,,20,0.53,12047,96100,0.170136807,20,3.40273615
G100000115284,L100000104895,China,https://www.gem.wiki/Yitong_Boyuan_power_station,Yitong Boyuan power station,Unit 3,,青岛西海岸公用事业集团易通热电有限公司博源热电厂,Qingdao West Coast Utillity Group Yitong Themal Power Co Ltd [100%],Qingdao West Coast Public Utility Group Co Ltd [51.0%]; Qingdao West Coast New Area Integration Holding Group Co Ltd [49.0%],30,operating,,,,unknown,unknown,,,,Huangdao,Qingdao,Shandong,Eastern Asia,Asia,35.836439,119.987172,exact,,,,,,,20,0.53,12047,96100,0.170136807,20,3.40273615
G100000115671,L100000104962,China,https://www.gem.wiki/Yiyuan_Yuanneng_cogen_power_station,Yiyuan Yuanneng cogen power station,New unit 1,沂源县化工产业园区配套能源中心,沂源县源能热电厂,Yiyuan Yuanneng Thermal Power Co Ltd [100%],Yiyuan High Tech Industrial Park Development Co Ltd [34.0%]; Yiyuan County Nanma Street Collective Assets Management Center [18.0%]; Shandong Yuantai Venture Capital Group Co Ltd [15.0%]; Yiyuan ASUS Venture Capital Center LP [10.4%]; Yiyuan Hongxin Venture Capital Center LP [8.7%]; Yiyuan Huada Investment Development Center LP [7.3%]; Yiyuan Zhixin Investment Development Center LP [6.6%],50,operating,2020,,,CFB,unknown,,,Hujiagou village,Yiyuan,Zibo,Shandong,Eastern Asia,Asia,36.182014,118.26031,exact,,,,,,,4,0.53,10442.4,96100,0.245792396,36,8.848526264
G100000111498,L100000101433,China,https://www.gem.wiki/Yunhe_power_station,Yunhe power station,Phase II Unit 5,,华能运河电厂,Huaneng Jining Canal Power Generation Co Ltd [100%],Huaneng Power International Inc [78.7%]; China Huaneng Group Co Ltd [19.7%]; other [1.6%],330,operating,2006,,,subcritical,bituminous,,,Changgou Town,Rencheng District,Jining,Shandong,Eastern Asia,Asia,35.486657,116.47694,exact,16-Oct,16-Oct,"Year: 2016, Month: 10",,,,18,0.53,10442.4,94600,1.59690885,22,35.1319947
G100000113281,L100000101435,China,https://www.gem.wiki/Zaozhuang_Nanjiao_cogen_power_station,Zaozhuang Nanjiao cogen power station,Unit 1,,枣庄市南郊热电,Zaozhuang Nanjiao Thermal Power Co Ltd [100%],Shandong Quanxing Energy Group Co Ltd [90.0%]; Shandong Caixin Asset Operation Co Ltd [10.0%],55,operating,2005,,,subcritical,unknown,,,Yong'an Town,Shizhong District,Zaozhuang,Shandong,Eastern Asia,Asia,34.829569,117.513033,exact,,,,,,,19,0.53,11312.6,96100,0.292902605,21,6.150954715
G100000111561,L100000101436,China,https://www.gem.wiki/Zhangdian_power_station,Zhangdian power station,Unit 2,"淄博众合热电公司 (Unit 4), 山东力久实业热电厂 (Unit 2, Unit 5)",淄博热电集团张店热电厂,Zibo Lijiu Industry Co Ltd [100%],Zibo Thermal Power Group Co Ltd [99.0%]; other [1.0%],30,operating,1989,,,subcritical,anthracite,,,Lijiazhuang Village,Zhangdian District,Zibo,Shandong,Eastern Asia,Asia,36.795128,118.092936,exact,,,,,,,35,0.53,12617.9,98300,0.182278976,5,0.91139488
G100000111588,L100000101437,China,https://www.gem.wiki/Zhangqiu_power_station,Zhangqiu power station,Unit 1,,华电国际章丘发电厂,Huadian Zhangqiu Power Generation Co Ltd [100%],Huadian Power International Co Ltd [87.5%]; other [6.5%]; Shandong Longshan Industrial Development Investment Group Co Ltd [6.0%],145,operating,2002,,,subcritical,anthracite,,,Longshan Town,Zhangqiu,Jinan,Shandong,Eastern Asia,Asia,36.7275338,117.403642,exact,,,,,,,22,0.53,12182.8,98300,0.850635222,18,15.31143399
G100000113942,L100000104472,China,https://www.gem.wiki/Zhaoyuan_Linglong_cogen_power_station,Zhaoyuan Linglong cogen power station,Unit 5,,玲珑轮胎招远玲珑热电,Zhaoyuan Linglong Thermal Power Co Ltd [100%],Shandong Linglong Rubber Co Ltd [100.0%],50,retired,,2018,,unknown,unknown,,,Linglong Town,Zhaoyuan,Yantai,Shandong,Eastern Asia,Asia,37.388836,120.436549,exact,,,,rubber,,,20,0.53,12047,96100,0.283561346,0,0
G100000112939,L100000101439,China,https://www.gem.wiki/Zhongxing_Penglai_power_station,Zhongxing Penglai power station,Unit 1,,中兴电力蓬莱发电项目,Zhongxing Power Penglai Power Generation Co Ltd [100%],Beijing Longshun Equipment Leasing Co Ltd [72.0%]; Beijing Fenghua Freight Forwarding Service Co Ltd [28.0%],1000,construction,2024,,,ultra-supercritical,unknown,,,Luanjiakou Harbor,Penglai,Yantai,Shandong,Eastern Asia,Asia,37.773226,120.611854,exact,"March 30, 2018 – 鲁发改能审〔2018〕5号",30-Mar-18,"Year: 2018, Month: 3, Day: 30",,,,0,0.53,8272,96100,3.894113808,40,155.7645523
G100000112815,L100000101440,China,https://www.gem.wiki/Zibo_Fushan_power_station,Zibo Fushan power station,Unit 5,,淄博傅山热电厂,Shandong Zibo Fushan Thermal Power Co Ltd [100%],Shandong Zibo Fushan Thermal Power Co Ltd [100.0%],50,operating,2009,,,unknown,unknown,,,Weigu Town,Zhangdian District,Zibo,Shandong,Eastern Asia,Asia,36.886052,118.135518,exact,,,,chemicals,both,heat,15,0.53,11186.5,96100,0.263306964,25,6.582674099
G100000111727,L100000101441,China,https://www.gem.wiki/Zibo_Hongda_power_station,Zibo Hongda power station,"Unit 3, timepoint 1",,淄博宏达热电,Zibo Hongda Thermoelectricity Co Ltd [100%],natural person(s) [62.4%]; Shanghai Langhui Enterprise Development Co Ltd [37.6%],50,retired,2004,2023,,subcritical,unknown,,,Fenghuang Town,Linzi,Zibo,Shandong,Eastern Asia,Asia,36.783333,118.05,exact,,,,chemicals,both,heat,19,0.53,11312.6,96100,0.266275096,0,0
G100000114454,L100000104656,China,https://www.gem.wiki/Zibo_Qilin_Guihe_cogen_power_station,Zibo Qilin Guihe cogen power station,Unit 3,,淄博齐林贵和热电,Zibo Qilin Guihe Thermoelectricity Co Ltd [100%],Shandong Jinzeguihe Investment Management Co Ltd [41.7%]; Huantai Jinhai Public Assets Management Co Ltd [35.0%]; Zibo Juying Trading Co Ltd [23.3%],50,operating,,,2021,unknown,unknown,,,,Huantai,Zibo,Shandong,Eastern Asia,Asia,37.007369,118.080358,exact,,,,,,,20,0.53,12047,96100,0.283561346,5,1.417806729
G100000114456,L100000104657,China,https://www.gem.wiki/Zibo_Qixiang_Tengda_Chemical_power_station,Zibo Qixiang Tengda Chemical power station,Unit 1,,淄博齐翔腾达化工自备电厂,Zibo Qixiang Tengda Chemical Co Ltd [100%],Zibo Qixiang Tengda Chemical Co Ltd [100.0%],30,operating,,,,unknown,unknown,,,,Linzi,Zibo,Shandong,Eastern Asia,Asia,36.744167,118.153355,exact,,,,chemicals,,,20,0.53,12047,96100,0.170136807,20,3.40273615
G100000114469,L100000104665,China,https://www.gem.wiki/Zouping_County_Electric_Power_Group_power_station,Zouping County Electric Power Group power station,Unit 1,,齐星集团邹平县电力集团热电,Zouping Qixing Development Zone Thermal Power Co Ltd [100%],Wuhu Runxin Investment Partnership LP [99.9%],50,retired,,2019,,unknown,unknown,,,,Zouping,Binzhou,Shandong,Eastern Asia,Asia,36.899823,117.738219,exact,,,,,,,20,0.53,12047,96100,0.283561346,0,0
G100000111749,L100000101442,China,https://www.gem.wiki/Zouxian_power_station,Zouxian power station,Unit 1,,华电国际邹县发电厂,Zouxian Power Plant of Huadian International Power Co Ltd [100%],Huadian Power International Co Ltd [100.0%],335,operating,1985,,,subcritical,bituminous,,,Tangcun Town,Zoucheng,Jining,Shandong,Eastern Asia,Asia,35.3255698,116.9260912,exact,,,,,,,39,0.53,11747.7,94600,1.823742494,1,1.823742494
